epoch,acc       ,f1                 ,loss               ,precision          ,recall   ,val_acc            ,val_f1            ,val_loss           ,val_precision     ,val_recall
0    ,0.137378  ,6.7027144          ,2.377751101945062  ,704083100.0        ,3.4100523,0.13455240428447723,7.630386829376221 ,2.282686189793083  ,1123478528.0      ,3.8151931762695312
1    ,0.20569167,6.650529           ,2.1519183779481996 ,562030600.0        ,3.395779 ,0.0998908281326294 ,2.1372671127319336,5.0639047935019414 ,2.3826193809509277,1.9522792100906372
2    ,0.31399712,5.6679473          ,1.892987554442522  ,82248904.0         ,3.1110134,0.3198689818382263 ,5.6039886474609375,1.863637292228932  ,24869584.0        ,3.0939393043518066
3    ,0.44857708,4.1003532          ,1.5853308476108516 ,9.435337           ,2.690811 ,0.39765283465385437,3.416823148727417 ,1.7317040403857502 ,5.558703422546387 ,2.507807493209839
4    ,0.5360677 ,3.1904552          ,1.3650955804938596 ,4.889424           ,2.3986018,0.38318777084350586,2.635645627975464 ,1.9845831081856806 ,3.4176321029663086,2.1721103191375732
5    ,0.58343   ,2.820042           ,1.2326304883767516 ,3.8510306          ,2.2471738,0.5423035025596619 ,2.252816915512085 ,1.4267977038845745 ,2.577594757080078 ,2.0115652084350586
6    ,0.62424076,2.55178            ,1.1283719465446693 ,3.2133796          ,2.1324203,0.4628821015357971 ,2.409360408782959 ,1.6463778961173312 ,2.851707696914673 ,2.1012301445007324
7    ,0.65119773,2.4175022          ,1.0669877698525125 ,2.9489737          ,2.0640755,0.6165392994880676 ,2.2248306274414062,1.0979739844018195 ,2.735243558883667 ,1.8903942108154297
8    ,0.6752201 ,2.2946868          ,0.9995176635984104 ,2.7158399          ,1.9996576,0.5136463046073914 ,2.2679364681243896,1.9027611293126403 ,2.5679237842559814,2.0431573390960693
0    ,0.1463864 ,6.7611704          ,2.358493563063615  ,427729150.0        ,3.4788058,0.19923581182956696,5.494521141052246 ,2.3367156784607332 ,9043506.0         ,3.114363431930542
1    ,0.22070566,6.635054           ,2.0776838712998806 ,354847100.0        ,3.4221382,0.201692134141922  ,6.563231468200684 ,2.0451106108952817 ,769391232.0       ,3.3066163063049316
2    ,0.35289702,5.2677464          ,1.7724968802926484 ,39104804.0         ,3.0284584,0.26555678248405457,4.869075775146484 ,2.1328413944577544 ,18.859264373779297,2.8859751224517822
3    ,0.49273187,3.7774796          ,1.475225274378811  ,7.1551785          ,2.6267505,0.47434496879577637,3.470122814178467 ,1.553482710534308  ,6.307335376739502 ,2.4341537952423096
4    ,0.5576332 ,3.1059127          ,1.307920149574587  ,4.5615273          ,2.3827085,0.6350982785224915 ,2.787614583969116 ,1.1034410140399848 ,3.670541763305664 ,2.267468214035034
5    ,0.60431314,2.7341444          ,1.1926445165998756 ,3.585388           ,2.228412 ,0.625              ,2.5448732376098633,1.162064107744975  ,3.2064132690429688,2.1285336017608643
6    ,0.6427353 ,2.5163558          ,1.0799885932263324 ,3.1361363          ,2.1168337,0.6135371327400208 ,2.2247283458709717,1.166988077122051  ,2.520352840423584 ,2.002471685409546
7    ,0.6617075 ,2.3698683          ,1.0269399991151311 ,2.8505628          ,2.042977 ,0.6277292370796204 ,2.418527364730835 ,1.1512709653013138 ,2.8469066619873047,2.1150426864624023
8    ,0.6870948 ,2.1923647          ,0.9539336222866196 ,2.5252993          ,1.9477344,0.6356440782546997 ,1.712967038154602 ,1.105480237038375  ,1.8098461627960205,1.6314387321472168
9    ,0.71350574,2.0796566          ,0.907756354819709  ,2.355376           ,1.8712387,0.6318231225013733 ,1.7793699502944946,1.1953956648772461 ,1.887033462524414 ,1.6902490854263306
10   ,0.71691805,2.0310197          ,0.8870060968332337 ,2.2800562          ,1.8396358,0.6858624219894409 ,2.0665664672851562,1.009114750608086  ,2.2954633235931396,1.888603687286377
11   ,0.7345254 ,1.9542993          ,0.8414745171924488 ,2.167741           ,1.7884095,0.7920305728912354 ,1.888592004776001 ,0.6879025114675796 ,2.094775438308716 ,1.7294795513153076
12   ,0.7446257 ,1.8692088          ,0.7986260761618655 ,2.0455427          ,1.7278917,0.7418122291564941 ,2.181483507156372 ,0.8359878276633383 ,2.521934986114502 ,1.937231421470642
13   ,0.7550672 ,1.8350455          ,0.7862049957464915 ,1.9935201          ,1.7083327,0.7044214010238647 ,1.5621737241744995,0.9920458999263148 ,1.5999411344528198,1.53115713596344
14   ,0.7631202 ,1.7889314          ,0.7480253131204292 ,1.9285359          ,1.6751764,0.7592794895172119 ,1.4583101272583008,0.7493603122806965 ,1.500065803527832 ,1.4232237339019775
15   ,0.7652358 ,1.780895           ,0.7408329123060492 ,1.9234478          ,1.6663048,0.7909388542175293 ,1.6366580724716187,0.6896620535954637 ,1.6986274719238281,1.5843472480773926
16   ,0.77881664,1.7430737          ,0.720778539824598  ,1.8667994          ,1.6410134,0.6754912734031677 ,1.6783851385116577,0.9900174078462426 ,1.7552236318588257,1.6132047176361084
17   ,0.7732887 ,1.7246509          ,0.7107545026518709 ,1.8461139          ,1.6252236,0.7573689818382263 ,1.4836558103561401,0.7776582256675287 ,1.5098192691802979,1.4622802734375
18   ,0.781137  ,1.7020892          ,0.694730135069718  ,1.8170496          ,1.6073397,0.817685604095459  ,1.5575523376464844,0.5998192398308666 ,1.6236704587936401,1.501781702041626
19   ,0.7867331 ,1.6860124          ,0.6825756491153938 ,1.7888818          ,1.6002636,0.7824781537055969 ,1.5537874698638916,0.71188098764836   ,1.5939760208129883,1.5203498601913452
20   ,0.7848905 ,1.6744725          ,0.6834040085284822 ,1.7807176          ,1.5873305,0.7688318490982056 ,1.4167473316192627,0.7790257170731324 ,1.4342224597930908,1.4037690162658691
21   ,0.79191977,1.671153           ,0.6646102584483053 ,1.7748805          ,1.585653 ,0.8250545859336853 ,1.3661953210830688,0.5400497472182112 ,1.3951064348220825,1.3424859046936035
22   ,0.7964239 ,1.6386099          ,0.6537970938182549 ,1.7328842          ,1.56116  ,0.8452510833740234 ,1.4910807609558105,0.5049474295310058 ,1.5598093271255493,1.4339303970336914
23   ,0.79901725,1.6308484          ,0.6394352073279906 ,1.713347           ,1.5615189,0.8452510833740234 ,1.5194355249404907,0.4998549830705318 ,1.5864988565444946,1.4626492261886597
24   ,0.7973794 ,1.6397902          ,0.6469252806860848 ,1.7283969          ,1.5659848,0.8092249035835266 ,1.4625269174575806,0.6141869961955141 ,1.507053017616272 ,1.4254987239837646
25   ,0.8020883 ,1.6250488          ,0.6387470702722131 ,1.7095832          ,1.5540606,0.8523471355438232 ,1.4356006383895874,0.48670507661640383,1.4816174507141113,1.396999478340149
26   ,0.803112  ,1.6188222          ,0.6301628842594956 ,1.7039787          ,1.5467244,0.8427947759628296 ,1.3517581224441528,0.547078618706574  ,1.3556712865829468,1.3512146472930908
27   ,0.8085034 ,1.5976169          ,0.6199769615671427 ,1.6773663          ,1.5310206,0.8144105076789856 ,1.5680122375488281,0.6007837087046111 ,1.6167429685592651,1.5283606052398682
28   ,0.8074797 ,1.5969559          ,0.6122617066732277 ,1.6760826          ,1.5305737,0.806768536567688  ,1.4741789102554321,0.6497385825913026 ,1.5243711471557617,1.4329400062561035
29   ,0.8132806 ,1.5829687          ,0.6072928483418    ,1.6552547          ,1.5225027,0.8316047787666321 ,1.415271282196045 ,0.5502247408227628 ,1.4376208782196045,1.3973947763442993
0    ,0.13724153,6.656756           ,2.4198205166934317 ,372358080.0        ,3.4411466,0.15775109827518463,6.469522476196289 ,2.365262119010026  ,1888448256.0      ,3.2347612380981445
1    ,0.2239132 ,6.5424023          ,2.098866583470687  ,250349360.0        ,3.3852158,0.12554584443569183,3.2876029014587402,3.505602977161324  ,5.192042827606201 ,2.423140048980713
2    ,0.38449463,4.9871244          ,1.7155805183402313 ,20.86233           ,2.9530463,0.35616812109947205,3.5321784019470215,1.7543864385529897 ,5.791736602783203 ,2.561415195465088
3    ,0.531973  ,3.3978786          ,1.36771448063442   ,5.5325937          ,2.4815838,0.43286025524139404,2.5236051082611084,1.7720529377200198 ,3.177755832672119 ,2.098280668258667
4    ,0.6033577 ,2.7386274          ,1.1676537060033076 ,3.5905488          ,2.2237003,0.5398471355438232 ,2.7209346294403076,1.3349593331199545 ,3.6576099395751953,2.1782572269439697
5    ,0.6592507 ,2.4447973          ,1.031594208578262  ,2.9963298          ,2.0726898,0.6675764322280884 ,1.9066228866577148,1.0677910246703302 ,2.071986198425293 ,1.7693451642990112
6    ,0.6917355 ,2.234179           ,0.9383412259215504 ,2.5999734          ,1.9652073,0.6875             ,1.9280462265014648,0.9806125465959441 ,2.089729070663452 ,1.7933666706085205
7    ,0.72824675,2.0450392          ,0.856666920047274  ,2.2799675          ,1.8593916,0.664301335811615  ,1.9321565628051758,1.02144342895158   ,2.139150619506836 ,1.765583872795105
8    ,0.74878865,1.9432012          ,0.7990927436868704 ,2.1336088          ,1.7882698,0.7374454140663147 ,1.9671168327331543,0.8202951024713474 ,2.1502678394317627,1.8177785873413086
9    ,0.7646898 ,1.8460414          ,0.7534019137245636 ,2.0001397          ,1.7178922,0.6902292370796204 ,2.0162718296051025,0.969935041327664  ,2.2307424545288086,1.8455506563186646
10   ,0.7758138 ,1.7816792          ,0.7153128815504306 ,1.9089448          ,1.6738272,0.7126091718673706 ,1.7737741470336914,0.8749224931392087 ,1.8947951793670654,1.6713639497756958
11   ,0.7908278 ,1.7125932          ,0.6833286381602524 ,1.81681            ,1.623127 ,0.71697598695755   ,1.6492561101913452,0.8784391484406318 ,1.7129416465759277,1.5930812358856201
12   ,0.79847133,1.6662021          ,0.6492464976864594 ,1.758648           ,1.586115 ,0.6855894923210144 ,1.7810397148132324,0.9745605080408821 ,1.894873023033142 ,1.6843769550323486
13   ,0.8029755 ,1.6431792          ,0.6385803614786718 ,1.7289463          ,1.5686576,0.8392467498779297 ,1.545263648033142 ,0.5294945531536919 ,1.5877695083618164,1.507843255996704
14   ,0.8138265 ,1.6238933          ,0.6087577852553283 ,1.702449           ,1.555196 ,0.8160480260848999 ,1.573858380317688 ,0.590778227456272  ,1.634648323059082 ,1.520353078842163
15   ,0.81252986,1.5944498          ,0.6028113679792957 ,1.6664823          ,1.5309328,0.8548035025596619 ,1.4343631267547607,0.4844142422405393 ,1.4649730920791626,1.4071413278579712
16   ,0.82065105,1.5480222          ,0.5766713112513376 ,1.6052774          ,1.49727  ,0.7377183437347412 ,1.2746050357818604,0.8752353623444337 ,1.2797648906707764,1.271174669265747
17   ,0.82781684,1.534016           ,0.5660044636277626 ,1.5903317          ,1.4838415,0.7516375780105591 ,1.5485340356826782,0.8195242345593382 ,1.5943669080734253,1.5085265636444092
18   ,0.83034194,1.524717           ,0.550259805369164  ,1.5792757          ,1.4761342,0.8348799347877502 ,1.4476455450057983,0.5151922046877931 ,1.4698688983917236,1.4285502433776855
19   ,0.8355968 ,1.5017021          ,0.5334215987048393 ,1.5470989          ,1.4615319,0.7882096171379089 ,1.397803544998169 ,0.6922461023497269 ,1.4036250114440918,1.3943272829055786
20   ,0.8385314 ,1.4909521          ,0.5342515453432864 ,1.5357642          ,1.4507895,0.7852074503898621 ,1.6705197095870972,0.6930372709790692 ,1.7296054363250732,1.6183151006698608
21   ,0.8383949 ,1.4895893          ,0.5343922256593581 ,1.5337206          ,1.4503895,0.784661591053009  ,1.4873452186584473,0.6611834806125757 ,1.522314429283142 ,1.4560831785202026
22   ,0.8469938 ,1.4626739          ,0.506565835649533  ,1.4979217          ,1.4311033,0.8100436925888062 ,1.4115240573883057,0.6305653268072803 ,1.426786184310913 ,1.3988229036331177
23   ,0.84255785,1.4691701          ,0.5115309103897291 ,1.5080612          ,1.4343424,0.8490720391273499 ,1.4440369606018066,0.4976106939357441 ,1.476001501083374 ,1.4158384799957275
24   ,0.8443322 ,1.4665722          ,0.5048439378832937 ,1.50607            ,1.4314157,0.8089519739151001 ,1.45242440700531  ,0.6351444799306611 ,1.4714760780334473,1.4365283250808716
25   ,0.84890467,1.4482614          ,0.49118207203587727,1.4843193          ,1.416    ,0.8553493618965149 ,1.3472250699996948,0.4629327896901093 ,1.3504520654678345,1.346617579460144
26   ,0.8563434 ,1.4209995          ,0.47491083702097037,1.4517685          ,1.3936518,0.8788209557533264 ,1.3510419130325317,0.39694076906645664,1.3615212440490723,1.3434171676635742
27   ,0.8542278 ,1.4380229          ,0.4764426447405861 ,1.4692647          ,1.4096509,0.847161591053009  ,1.3253823518753052,0.5032154805795594 ,1.3351867198944092,1.3176518678665161
28   ,0.85927796,1.4137836          ,0.46524752283644644,1.4402852          ,1.3903525,0.8179585337638855 ,1.3968706130981445,0.602613407451513  ,1.3985203504562378,1.3975359201431274
29   ,0.858732  ,1.4099408          ,0.4649081964431944 ,1.4376674          ,1.3854698,0.8668122291564941 ,1.278424859046936 ,0.45084187245264845,1.2676043510437012,1.2908995151519775
30   ,0.8607111 ,1.4131337          ,0.45829422056516317,1.4391537          ,1.389954 ,0.8346070051193237 ,1.3808636665344238,0.533777121373139  ,1.3923150300979614,1.3724501132965088
31   ,0.86275846,1.398597           ,0.4532518273269423 ,1.4210662          ,1.3785399,0.8676310181617737 ,1.3737516403198242,0.43167311864128277,1.3870371580123901,1.3637741804122925
32   ,0.8621443 ,1.3939519          ,0.45929911997890516,1.417168           ,1.3737847,0.8384279608726501 ,1.4518153667449951,0.5193420388292538 ,1.4920713901519775,1.4159516096115112
33   ,0.866239  ,1.3806964          ,0.4422361228251745 ,1.3993399          ,1.3642703,0.8545305728912354 ,1.3550283908843994,0.48752410364983906,1.364119291305542 ,1.3485107421875
34   ,0.86344093,1.3954784          ,0.4483223416809661 ,1.4168445          ,1.3768461,0.8564410209655762 ,1.3769950866699219,0.4471140201955904 ,1.392121434211731 ,1.364061951637268
35   ,0.86712617,1.3832526          ,0.43509790325932785,1.4032314          ,1.3659551,0.8717249035835266 ,1.312479853630066 ,0.41963666365136226,1.3130217790603638,1.3134355545043945
36   ,0.8697195 ,1.371396           ,0.43185309213859135,1.388697           ,1.3564982,0.8788209557533264 ,1.192380666732788 ,0.4201565353630932 ,1.1779847145080566,1.2086845636367798
37   ,0.8727906 ,1.3726223          ,0.42131229590565844,1.3893762          ,1.3580365,0.8564410209655762 ,1.2954226732254028,0.4614595893168554 ,1.2830047607421875,1.3097623586654663
38   ,0.8746332 ,1.3585808          ,0.41835566174086636,1.37317            ,1.3459239,0.8537117838859558 ,1.3166804313659668,0.4658191162425878 ,1.3255559206008911,1.3105177879333496
39   ,0.87217635,1.3525537          ,0.4232615746793133 ,1.3655658          ,1.3414067,0.8804585337638855 ,1.2577773332595825,0.39163073702150036,1.2630425691604614,1.2548950910568237
40   ,0.87101614,1.3578885          ,0.4170408171288822 ,1.3742621          ,1.3437576,0.8949235677719116 ,1.2700815200805664,0.3502717746917858 ,1.2729865312576294,1.2694536447525024
41   ,0.8768853 ,1.3505121          ,0.411352257219946  ,1.3642447          ,1.3388311,0.8542576432228088 ,1.3162331581115723,0.46365971362226394,1.3186476230621338,1.315841794013977
42   ,0.8742237 ,1.3390652          ,0.4130191638763713 ,1.3508106          ,1.3293133,0.8815501928329468 ,1.338600516319275 ,0.4020777714304528 ,1.3417272567749023,1.3376414775848389
43   ,0.8779772 ,1.3470532          ,0.4040248883931472 ,1.360431           ,1.3356918,0.8960152864456177 ,1.2221972942352295,0.3515761512856296 ,1.206775426864624 ,1.2401134967803955
44   ,0.8808435 ,1.3275697          ,0.39909970546788925,1.3358288          ,1.3211681,0.8534388542175293 ,1.291321873664856 ,0.48251349098297186,1.2984756231307983,1.2854604721069336
45   ,0.8779772 ,1.3500749          ,0.40253413181975944,1.3626903          ,1.3392942,0.8640829920768738 ,1.2390302419662476,0.48408279330449333,1.225782036781311 ,1.2543474435806274
46   ,0.8781137 ,1.3384624          ,0.4030707997241899 ,1.3504506          ,1.328291 ,0.8829148411750793 ,1.3072001934051514,0.407943576964749  ,1.319909930229187 ,1.2974767684936523
47   ,0.8852795 ,1.3256334          ,0.3889358617852981 ,1.3352106          ,1.3177886,0.8537117838859558 ,1.2643136978149414,0.46866875548550135,1.2687822580337524,1.2622958421707153
48   ,0.87777245,1.3407283          ,0.40202726947767436,1.350997           ,1.332366 ,0.8539847135543823 ,1.3241318464279175,0.46360981880837654,1.3227828741073608,1.3285232782363892
49   ,0.88493824,1.3279672          ,0.3896519146355754 ,1.3363665          ,1.3214554,0.9077510833740234 ,1.2296816110610962,0.31901227542927174,1.2172002792358398,1.244159460067749
50   ,0.8865761 ,1.3220983          ,0.3858722129417574 ,1.3272355          ,1.3186789,0.8872816562652588 ,1.1972941160202026,0.3748759348840172 ,1.1825615167617798,1.2138499021530151
51   ,0.8830274 ,1.3117716          ,0.38878698102046316,1.3171587          ,1.3078711,0.8643559217453003 ,1.297534465789795 ,0.43912826380875436,1.2889578342437744,1.308061122894287
52   ,0.8858937 ,1.3182676          ,0.3773929834068899 ,1.3233417          ,1.3149022,0.8913755416870117 ,1.2814712524414062,0.38082079439704597,1.27928626537323  ,1.2857929468154907
53   ,0.884324  ,1.3188688          ,0.3787970694797255 ,1.3244275          ,1.3150173,0.8605349063873291 ,1.210263729095459 ,0.438131126253886  ,1.2073798179626465,1.2149403095245361
54   ,0.88391453,1.305803           ,0.3757219762626967 ,1.3101664          ,1.303066 ,0.869268536567688  ,1.1978565454483032,0.4705644478964493 ,1.1823103427886963,1.216058373451233
55   ,0.89005667,1.3081607          ,0.37017668968645334,1.3116431          ,1.3061041,0.8842794895172119 ,1.3308584690093994,0.39875953634753497,1.346758246421814 ,1.3167157173156738
56   ,0.89114857,1.2993656          ,0.3611710049028422 ,1.301059           ,1.2992438,0.8477074503898621 ,1.2451016902923584,0.5294364011443858 ,1.232150912284851 ,1.2596501111984253
57   ,0.89080733,1.2973515          ,0.3704101739381756 ,1.2999959          ,1.29646  ,0.8941047787666321 ,1.2279314994812012,0.3541613213360049 ,1.2195746898651123,1.238301396369934
58   ,0.8841193 ,1.3150579          ,0.37833842514749516,1.3213283          ,1.3103333,0.8973799347877502 ,1.2184768915176392,0.3367300314674211 ,1.209731936454773 ,1.2293193340301514
59   ,0.8893742 ,1.2969706          ,0.3576545061910062 ,1.3005522          ,1.2951022,0.9022925496101379 ,1.1773632764816284,0.3527926789621078 ,1.1572712659835815,1.1994010210037231
60   ,0.8872586 ,1.3081274          ,0.371435967196151  ,1.3112283          ,1.3065509,0.8883733749389648 ,1.2427006959915161,0.3609723188471065 ,1.2406235933303833,1.2468039989471436
61   ,0.8949703 ,1.2875781          ,0.35308398396368607,1.2891618          ,1.2877238,0.8971070051193237 ,1.2216637134552002,0.3442382349197521 ,1.2089064121246338,1.2361069917678833
62   ,0.8896472 ,1.2976675          ,0.36134144946620594,1.2991737          ,1.2976598,0.8897379636764526 ,1.2086414098739624,0.359378920371876  ,1.2062525749206543,1.2120496034622192
63   ,0.89142156,1.29075            ,0.36036074894333525,1.2938182          ,1.2892625,0.8706331849098206 ,1.3009438514709473,0.41448888351823565,1.3042107820510864,1.2997206449508667
64   ,0.8936054 ,1.2852025          ,0.3567765092801732 ,1.2864178          ,1.2857838,0.9012008905410767 ,1.2068259716033936,0.32867252865733015,1.1953455209732056,1.2202990055084229
65   ,0.89490205,1.2864921          ,0.3544712571803111 ,1.285661           ,1.2887824,0.913755476474762  ,1.2266570329666138,0.3030449288641001 ,1.2140828371047974,1.2415189743041992
66   ,0.8970859 ,1.2786419          ,0.34405620250817104,1.2771679          ,1.2818229,0.8943777084350586 ,1.2212307453155518,0.3497281792903051 ,1.213855504989624 ,1.2308833599090576
67   ,0.8941514 ,1.2783049          ,0.3482151440383712 ,1.2785901          ,1.2796059,0.9052947759628296 ,1.2162721157073975,0.3284125791366444 ,1.210440754890442 ,1.2239303588867188
68   ,0.8934689 ,1.2798327          ,0.3504564381639095 ,1.2783359          ,1.2828023,0.90447598695755   ,1.2614128589630127,0.32396480506164016,1.2567349672317505,1.267622947692871
69   ,0.8934689 ,1.2824032          ,0.35038300892692176,1.2806467          ,1.2856002,0.9036571979522705 ,1.2729394435882568,0.33225269218719683,1.2665425539016724,1.2819043397903442
70   ,0.89421964,1.2885925          ,0.3488676435368334 ,1.2890742          ,1.2898308,0.8706331849098206 ,1.243351936340332 ,0.4223637903621624 ,1.2271231412887573,1.2618756294250488
71   ,0.8961305 ,1.2908031          ,0.34860282113737096,1.2897655          ,1.2931529,0.9107532501220703 ,1.21073317527771  ,0.30089860790161066,1.2006826400756836,1.2232699394226074
72   ,0.89688116,1.2720112          ,0.34179156516905346,1.2702403          ,1.2752043,0.8706331849098206 ,1.246483325958252 ,0.4317869041684413 ,1.239242672920227 ,1.2560150623321533
73   ,0.90281856,1.271272           ,0.33287231685651053,1.2687496          ,1.2753514,0.9020196795463562 ,1.209976315498352 ,0.3198368810930627 ,1.1947319507598877,1.2275786399841309
74   ,0.8992015 ,1.2705219          ,0.3346910391973813 ,1.2660158          ,1.2763873,0.8799126744270325 ,1.2494629621505737,0.40074880128344076,1.2405086755752563,1.2597532272338867
75   ,0.899884  ,1.2637104          ,0.33279980473092724,1.2599692          ,1.269235 ,0.9123908281326294 ,1.1574615240097046,0.31935733179338116,1.1377979516983032,1.1797583103179932
76   ,0.9047294 ,1.2598779          ,0.3258159156261528 ,1.2548687          ,1.2664037,0.8992903828620911 ,1.2133564949035645,0.3289237134321288 ,1.2101885080337524,1.2179912328720093
77   ,0.90056646,1.2585722          ,0.325310015285055  ,1.2542044          ,1.2645919,0.8485261797904968 ,1.2749079465866089,0.4966914414318368 ,1.2701245546340942,1.2819061279296875
78   ,0.9012489 ,1.2674934          ,0.3328625176422004 ,1.2621373          ,1.2743216,0.9055677056312561 ,1.2104504108428955,0.32285403801884716,1.1936229467391968,1.229503870010376
79   ,0.9014536 ,1.2581112          ,0.3281610527305337 ,1.2559313          ,1.2618619,0.9123908281326294 ,1.21763014793396  ,0.30356372209615584,1.2041829824447632,1.232790231704712
80   ,0.90165836,1.2566334          ,0.31782346480837914,1.2512467          ,1.2633549,0.8935589790344238 ,1.2033531665802002,0.37482662622585045,1.184090495109558 ,1.2249438762664795
81   ,0.9024773 ,1.2611355          ,0.32847576735898804,1.2567048          ,1.2671549,0.90447598695755   ,1.2261555194854736,0.3374773888608774 ,1.2114852666854858,1.2428396940231323
82   ,0.9014536 ,1.2587341          ,0.3236031792379114 ,1.2547079          ,1.2641101,0.9181222915649414 ,1.1644538640975952,0.29863373551306244,1.143426537513733 ,1.1875255107879639
83   ,0.90459293,1.256027           ,0.32647134053180754,1.2513498          ,1.2619768,0.9088428020477295 ,1.2084143161773682,0.3123974250914228 ,1.2004975080490112,1.2184077501296997
84   ,0.90363747,1.2574276          ,0.32480390255385144,1.2520097          ,1.2643758,0.9194868803024292 ,1.223982572555542 ,0.29314514708310757,1.2127801179885864,1.2374424934387207
85   ,0.90138537,1.2538753          ,0.3273355611772543 ,1.2474335          ,1.261822 ,0.903930127620697  ,1.1930924654006958,0.33000792907835613,1.1793793439865112,1.209621548652649
86   ,0.90445644,1.2472007          ,0.3216371096287751 ,1.2414038          ,1.2543664,0.8902838230133057 ,1.2658722400665283,0.36117062350027423,1.2547571659088135,1.279069185256958
87   ,0.90643555,1.2406629          ,0.3079038043441296 ,1.2328731          ,1.249806 ,0.8992903828620911 ,1.178589105606079 ,0.3614298159899149 ,1.1598432064056396,1.1997853517532349
88   ,0.9041152 ,1.2479441          ,0.3164949316091849 ,1.2404631          ,1.2567629,0.8840065598487854 ,1.1674846410751343,0.3814482040800902 ,1.1540815830230713,1.182439923286438
89   ,0.90739095,1.2400414          ,0.31067022061515553,1.2334834          ,1.2480323,0.9050218462944031 ,1.1924704313278198,0.30985840621473487,1.177769660949707 ,1.2093148231506348
90   ,0.9066403 ,1.2485422          ,0.31063499814868667,1.2436769          ,1.2550117,0.8793668150901794 ,1.180269479751587 ,0.3965728863357977 ,1.1616538763046265,1.2007710933685303
91   ,0.90684503,1.2485014          ,0.3178827028315051 ,1.2425561          ,1.2558993,0.8946506381034851 ,1.2241791486740112,0.365146908697603  ,1.2087681293487549,1.2416815757751465
92   ,0.90643555,1.2426765          ,0.31252408393542447,1.2345808          ,1.2521793,0.90447598695755   ,1.1986833810806274,0.32599425628195683,1.1835122108459473,1.215592622756958
93   ,0.9082099 ,1.2451175          ,0.3076607907911799 ,1.2391529          ,1.2526848,0.8845524191856384 ,1.1948509216308594,0.3872655430995741 ,1.1826684474945068,1.2091789245605469
94   ,0.9056166 ,1.2382622          ,0.3071567873466481 ,1.2289225          ,1.2491333,0.8848253488540649 ,1.1813969612121582,0.37200268907838513,1.1684695482254028,1.1962640285491943
95   ,0.911008  ,1.22823            ,0.2985490509542452 ,1.2173873          ,1.2406925,0.9001091718673706 ,1.15931236743927  ,0.3455558123807199 ,1.137116551399231 ,1.1841379404067993
96   ,0.90616256,1.2417877          ,0.30985162885678974,1.2333035          ,1.2519652,0.8938318490982056 ,1.2841259241104126,0.35401708564383494,1.2700393199920654,1.3007187843322754
97   ,0.90841466,1.2301955          ,0.3025805937066661 ,1.2227317          ,1.2392588,0.908569872379303  ,1.1658142805099487,0.31477668490992883,1.1453560590744019,1.1888638734817505
98   ,0.90643555,1.2401992          ,0.31014802066537694,1.2321248          ,1.2501006,0.9134825468063354 ,1.190960168838501 ,0.29486557528962215,1.1802066564559937,1.2036051750183105
99   ,0.90909714,1.245388           ,0.29942479113592657,1.2389041          ,1.2535204,0.9164847135543823 ,1.1685676574707031,0.30684584626464345,1.1478577852249146,1.192202091217041
0    ,0.1361496 ,2.409858500600341  ,0.16211789846420288,2.288459283295677
1    ,0.22869037,2.088761287443973  ,0.1894104778766632 ,2.2108719609189764
2    ,0.3758957 ,1.7550790414202948 ,0.3040392994880676 ,2.0259699889145564
3    ,0.5078141 ,1.4374048323677822 ,0.2887554466724396 ,2.539944480079751
4    ,0.5822016 ,1.2369429103865897 ,0.38455238938331604,1.969126724259822
5    ,0.6443732 ,1.0767707925220973 ,0.6023471355438232 ,1.2618657196973608
6    ,0.680748  ,0.9883541109000084 ,0.5897925496101379 ,1.447687712819295
7    ,0.709957  ,0.9119504796582457 ,0.4732532799243927 ,1.899152013412209
8    ,0.7305671 ,0.8440174490349663 ,0.7363536953926086 ,0.8248578116102511
9    ,0.75076777,0.7817491142853757 ,0.7745633125305176 ,0.7326431956353666
10   ,0.7659865 ,0.7334916687602355 ,0.7240720391273499 ,0.9044270387903571
11   ,0.78373027,0.6944258280079625 ,0.7240720391273499 ,0.8956779816785754
12   ,0.79301167,0.665057636015913  ,0.7587336301803589 ,0.7816655518706709
13   ,0.79833484,0.6504294529779937 ,0.7923035025596619 ,0.7268172968423002
14   ,0.81027776,0.6040586144869006 ,0.7674672603607178 ,0.7985002489589708
15   ,0.8143725 ,0.59349219961182   ,0.7958515286445618 ,0.6807945521637863
16   ,0.8190814 ,0.5797395887964213 ,0.7895742654800415 ,0.6858266931694147
17   ,0.8190132 ,0.5713281065443225 ,0.7745633125305176 ,0.7307279042281438
18   ,0.83034194,0.5579222612134314 ,0.7311681509017944 ,0.9304284664220684
19   ,0.82925   ,0.5484479143417289 ,0.8602620363235474 ,0.49403113888080463
20   ,0.8355968 ,0.5315392480761836 ,0.8294214010238647 ,0.5878732490747777
21   ,0.8350508 ,0.5226075609234879 ,0.8627183437347412 ,0.47383132095420205
22   ,0.84378624,0.507473834212352  ,0.8335152864456177 ,0.6010576016127283
23   ,0.84364974,0.5106569744902308 ,0.75               ,0.8987764295792475
24   ,0.8483587 ,0.49295135310084587,0.7961244583129883 ,0.7304584782196445
25   ,0.8462431 ,0.4922552709855098 ,0.8318777084350586 ,0.5709613440598983
26   ,0.8459701 ,0.49506405875567794,0.813591718673706  ,0.6458052615411417
27   ,0.8524534 ,0.4815917862345967 ,0.8163209557533264 ,0.595770258570342
28   ,0.85579747,0.4644505144597434 ,0.8433406352996826 ,0.5588054624447135
29   ,0.8579131 ,0.462836883025048  ,0.8572598099708557 ,0.477794597144991
30   ,0.85852724,0.4592299179104028 ,0.8684498071670532 ,0.4416029920484301
31   ,0.8643964 ,0.4501569131808111 ,0.8706331849098206 ,0.4713706693014203
32   ,0.8604381 ,0.45368724993078535,0.802128791809082  ,0.7126641404941092
33   ,0.8674674 ,0.4510092460514457 ,0.8730894923210144 ,0.4426414624962744
34   ,0.86767215,0.43710379364026297,0.8206877708435059 ,0.6075315032983971
35   ,0.87176687,0.42194584916901084,0.8411571979522705 ,0.537804564143893
36   ,0.86931   ,0.4304228409934612 ,0.8638100624084473 ,0.4721734916799454
37   ,0.8719716 ,0.41695954391982853,0.869268536567688  ,0.452513345204066
38   ,0.8712209 ,0.42360352169187665,0.8799126744270325 ,0.4372435728795664
39   ,0.8714939 ,0.41895535313691784,0.875              ,0.4428356166229498
40   ,0.8728588 ,0.411180367807329  ,0.8676310181617737 ,0.4885598862275286
41   ,0.87654406,0.40976585054132364,0.8381550312042236 ,0.5532361430372214
42   ,0.8768853 ,0.4062554485735402 ,0.8376091718673706 ,0.5394777714165017
43   ,0.87804544,0.3986581249980807 ,0.8608078360557556 ,0.46755194872227296
44   ,0.8833686 ,0.3918409046968616 ,0.8785480260848999 ,0.42832675374491247
45   ,0.8813895 ,0.38470155005567935,0.8427947759628296 ,0.5266797529557907
46   ,0.8770218 ,0.40767396715369425,0.8586244583129883 ,0.47733798571028563
47   ,0.87934214,0.39058997404418333,0.8905567526817322 ,0.3744452327619994
48   ,0.8824814 ,0.38640548900102323,0.8689956068992615 ,0.4466484548223071
49   ,0.8863031 ,0.3735791547956755 ,0.8747270703315735 ,0.4596283506097752
50   ,0.8859619 ,0.3802064591517247 ,0.8629912734031677 ,0.4910296346162604
51   ,0.88664436,0.3742041112717155 ,0.8998362421989441 ,0.3712569754326708
52   ,0.8853477 ,0.3862432639753258 ,0.8632642030715942 ,0.46538259472909455
53   ,0.8857572 ,0.37485500952940887,0.851255476474762  ,0.5449830978197823
54   ,0.885143  ,0.37658750982013794,0.8553493618965149 ,0.4964417351905956
55   ,0.8873951 ,0.3663539215174908 ,0.8684498071670532 ,0.4826749378416736
56   ,0.88705385,0.3643986497516479 ,0.8919214010238647 ,0.38335058639663794
57   ,0.8906026 ,0.3572762031864487 ,0.864628791809082  ,0.4807994283377864
58   ,0.88841873,0.370665584108101  ,0.898198664188385  ,0.3893055316532543
59   ,0.89114857,0.3527168105482559 ,0.8883733749389648 ,0.40821900986557963
60   ,0.89367366,0.3530863067112969 ,0.8758187890052795 ,0.45237878817397953
61   ,0.8928547 ,0.34976589843241307,0.9063864350318909 ,0.349179385010332
62   ,0.89183104,0.3501814541670761 ,0.8774563074111938 ,0.43843264301921603
63   ,0.8936054 ,0.34954134801309   ,0.8826419115066528 ,0.4526462132786299
64   ,0.89647174,0.3460331576743696 ,0.8889192342758179 ,0.40928096477121245
65   ,0.89381015,0.3427721071933175 ,0.8878275156021118 ,0.39845068515258064
66   ,0.89490205,0.3426185275868394 ,0.9077510833740234 ,0.3665495432880768
67   ,0.89633524,0.3449789871241968 ,0.8927401900291443 ,0.3923258722218884
68   ,0.8934689 ,0.344732197109753  ,0.8905567526817322 ,0.38746286209623887
69   ,0.89531153,0.34253311543255416,0.8504366874694824 ,0.517836095854705
70   ,0.900157  ,0.3331201121476472 ,0.8930131196975708 ,0.3909573977300694
71   ,0.8948338 ,0.34090055422287285,0.8859170079231262 ,0.4117971902070608
72   ,0.8966082 ,0.3368598011413272 ,0.914301335811615  ,0.32910834884018875
73   ,0.89858735,0.3304913607500669 ,0.875545859336853  ,0.4801528992611248
74   ,0.90042996,0.32906610303052675,0.8769105076789856 ,0.42801079788452673
75   ,0.9011806 ,0.32591547492233336,0.8911026120185852 ,0.41162555479326624
76   ,0.90302324,0.3284130864303478 ,0.8998362421989441 ,0.36589651883429314
77   ,0.89995223,0.3296346428102986 ,0.9145742654800415 ,0.3225492697745952
78   ,0.9037057 ,0.3196132278361841 ,0.8900108933448792 ,0.3982741979792649
79   ,0.90315974,0.32482705505026216,0.8878275156021118 ,0.4305812953340955
80   ,0.9042517 ,0.31389585841086864,0.9066593647003174 ,0.34174187644079784
81   ,0.8994745 ,0.333888215889892  ,0.9082969427108765 ,0.3351718209130795
82   ,0.9050024 ,0.31217938599135453,0.8234170079231262 ,0.6222918362856953
83   ,0.90220433,0.32027586263812363,0.8870087265968323 ,0.39158007483034674
84   ,0.90766394,0.30713754524930315,0.8984715938568115 ,0.3687083142358143
85   ,0.903501  ,0.3125294349339686 ,0.9063864350318909 ,0.345282941275809
86   ,0.90841466,0.3044157794174673 ,0.9031113386154175 ,0.3777324039342622
87   ,0.90868765,0.3009883114878801 ,0.8875545859336853 ,0.43765518160366074
88   ,0.9073227 ,0.3100878703633258 ,0.8951964974403381 ,0.38255048214608406
89   ,0.90302324,0.31293427149854747,0.8976528644561768 ,0.3918610465058073
90   ,0.90752745,0.3025801685542562 ,0.9197598099708557 ,0.3215025563817878
91   ,0.90725446,0.3059722817384252 ,0.9126637578010559 ,0.3451275332265546
92   ,0.9075957 ,0.30806306545635803,0.9145742654800415 ,0.3299236090032294
93   ,0.90950656,0.3042421334220437 ,0.9001091718673706 ,0.37501825014836926
94   ,0.91080326,0.2958382688239517 ,0.8938318490982056 ,0.40804485200729435
95   ,0.90896064,0.2947808267809397 ,0.8913755416870117 ,0.4015166384684467
96   ,0.9125776 ,0.2957263622606589 ,0.9001091718673706 ,0.3731393038445685
97   ,0.9057531 ,0.3077414387006089 ,0.8902838230133057 ,0.40902010790645815
98   ,0.9082099 ,0.2960287463129693 ,0.9123908281326294 ,0.3564014435465159
99   ,0.9102573 ,0.2982559085028542 ,0.9003821015357971 ,0.3578998382695377
100  ,0.91428375,0.2882830947729082 ,0.9227620363235474 ,0.31317129061764765
101  ,0.910462  ,0.2948370606372245 ,0.8850982785224915 ,0.41225243324015337
102  ,0.9101208 ,0.29500159808761683,0.9077510833740234 ,0.36157323478611275
103  ,0.90909714,0.2944869835926048 ,0.9126637578010559 ,0.3375610396200913
104  ,0.9118269 ,0.28567173374026233,0.9118449687957764 ,0.34649240869752185
105  ,0.91305536,0.28512749375072116,0.9121178984642029 ,0.3478695654257416
106  ,0.9099843 ,0.29491362332207577,0.8531659245491028 ,0.5663440974518722
107  ,0.91162217,0.2916716201931171 ,0.9145742654800415 ,0.3251561735589952
108  ,0.9131236 ,0.2835911752839532 ,0.9014738202095032 ,0.3891791047032223
109  ,0.91175866,0.2850113434571256 ,0.8946506381034851 ,0.3871086489360405
110  ,0.9105985 ,0.2900564645973235 ,0.8785480260848999 ,0.44189770044718246
111  ,0.91578513,0.28469749247670656,0.8900108933448792 ,0.4005755020150972
112  ,0.914352  ,0.2801859639475698 ,0.9110261797904968 ,0.347113092653616
113  ,0.9152392 ,0.27577383539737355,0.9104803204536438 ,0.3398651820180458
114  ,0.91919744,0.2696354350394571 ,0.9107532501220703 ,0.3394463833047313
115  ,0.91203165,0.27920999754994896,0.9066593647003174 ,0.36964298465887013
116  ,0.9172866 ,0.27828530671408924,0.8569868803024292 ,0.5698599372888756
117  ,0.914079  ,0.27244773746504924,0.9063864350318909 ,0.3601556795783439
118  ,0.9123729 ,0.2876901423016693 ,0.90447598695755   ,0.3840049285620581
119  ,0.91783255,0.2698108578567447 ,0.9243995547294617 ,0.2998038179293991
120  ,0.9161264 ,0.2766534954254549 ,0.9003821015357971 ,0.3643772529202257
121  ,0.91803724,0.27326637163574213,0.9052947759628296 ,0.3647715203691778
122  ,0.9173548 ,0.2678101146732883 ,0.9132096171379089 ,0.3504753983274558
123  ,0.9159216 ,0.2835452785034241 ,0.9047489166259766 ,0.37054291738433087
124  ,0.9198799 ,0.26480590896680317,0.9167576432228088 ,0.32789553724652293
125  ,0.917969  ,0.2690670323914524 ,0.9178493618965149 ,0.3329605926072233
126  ,0.9167406 ,0.2691930015119832 ,0.9104803204536438 ,0.3544268069308918
127  ,0.91639936,0.2733639661813282 ,0.9230349063873291 ,0.29769029884749626
128  ,0.9194704 ,0.26406075161145925,0.9145742654800415 ,0.3559847989091121
129  ,0.9200164 ,0.27048506337933464,0.9175764322280884 ,0.325861450398593
130  ,0.9200846 ,0.26189658096412144,0.9153929948806763 ,0.3167373805131975
131  ,0.92131305,0.2591281487153739 ,0.9025654792785645 ,0.368989631338411
132  ,0.9185832 ,0.2622452320816134 ,0.9148471355438232 ,0.3381039725218017
133  ,0.9213813 ,0.25815848324727275,0.8976528644561768 ,0.41266474147290644
134  ,0.9213813 ,0.2658084067990493 ,0.8897379636764526 ,0.4330155118083882
135  ,0.92240494,0.26201085259887874,0.9249454140663147 ,0.30590771965064334
136  ,0.92117655,0.2584372125985492 ,0.9132096171379089 ,0.3516014676589893
137  ,0.9213813 ,0.25779662300138956,0.9203056693077087 ,0.32311132224886696
138  ,0.9194022 ,0.258624980907379  ,0.9134825468063354 ,0.3257362339564286
139  ,0.92158604,0.25480522707156544,0.9140284061431885 ,0.3474458661662439
140  ,0.9215178 ,0.25980012480947234,0.909661591053009  ,0.3307239370965541
141  ,0.92465705,0.2520526748569819 ,0.8984715938568115 ,0.37911106206834577
142  ,0.92315567,0.26324415080504054,0.9069322943687439 ,0.3589753442683855
143  ,0.92506653,0.25581077729578533,0.9178493618965149 ,0.3359308796548427
144  ,0.9223367 ,0.25224461113642666,0.9164847135543823 ,0.32540972804138235
145  ,0.9228144 ,0.25643621982343934,0.9082969427108765 ,0.34190442930402715
146  ,0.9219955 ,0.25666234035105673,0.913755476474762  ,0.34187019931957713
147  ,0.92240494,0.2529063947386427 ,0.9268559217453003 ,0.29850826737792213
148  ,0.9219955 ,0.2532138385492356 ,0.9282205104827881 ,0.29616730552833676
149  ,0.92465705,0.253378443781454  ,0.9276746511459351 ,0.299110824343907
150  ,0.92383814,0.25167351402227917,0.9320414662361145 ,0.30088545600009275
151  ,0.9253395 ,0.24516255470711096,0.9178493618965149 ,0.32611661706949424
152  ,0.9251348 ,0.24973737728162113,0.9192139506340027 ,0.33526858194491227
153  ,0.926295  ,0.2458194717769939 ,0.9192139506340027 ,0.32002802726743523
154  ,0.92493004,0.25343460906677046,0.9211244583129883 ,0.32502933777055365
155  ,0.9248618 ,0.25167420574205285,0.9047489166259766 ,0.36559884383558705
156  ,0.9256125 ,0.24740593748467535,0.9132096171379089 ,0.3539970618668602
157  ,0.9247253 ,0.2448469868918405 ,0.9129366874694824 ,0.34864262898155696
158  ,0.92206377,0.2506772300413686 ,0.9265829920768738 ,0.2950879754457932
159  ,0.92452055,0.2433424736138278 ,0.9301310181617737 ,0.29440816669769615
160  ,0.92554426,0.2455961182372835 ,0.927128791809082  ,0.29991032964017195
161  ,0.92704564,0.24198965649267012,0.9265829920768738 ,0.30527854014562206
162  ,0.92718214,0.23484515927089797,0.9222161769866943 ,0.3105787496249228
163  ,0.9216543 ,0.2515029298326045 ,0.9115720391273499 ,0.34262477639070243
164  ,0.92718214,0.24312610308082488,0.9246724843978882 ,0.29685497020399726
165  ,0.9273869 ,0.24367899443154156,0.9222161769866943 ,0.32714078402935676
166  ,0.9267044 ,0.24019000138397192,0.9178493618965149 ,0.3263093509170426
167  ,0.925476  ,0.2391803639572342 ,0.9194868803024292 ,0.31989004427168566
168  ,0.93045795,0.23140659226229318,0.9295851588249207 ,0.30108905834141775
169  ,0.92704564,0.23600968043893497,0.9055677056312561 ,0.3598007058732895
170  ,0.93127686,0.2315777909898688 ,0.9208515286445618 ,0.3240213454680672
171  ,0.9309356 ,0.2306237035590309 ,0.9252183437347412 ,0.2939957457566105
172  ,0.92438406,0.2472168842580614 ,0.9287663698196411 ,0.30684095920433646
173  ,0.9297072 ,0.2347779417171386 ,0.9331331849098206 ,0.2940629941887145
174  ,0.9286835 ,0.23396699742933902,0.9257642030715942 ,0.3064438042487119
175  ,0.92793286,0.23873591356527063,0.9243995547294617 ,0.31833357871489754
176  ,0.9295025 ,0.23411287626967628,0.9227620363235474 ,0.32911079165456597
177  ,0.93032146,0.23245039033107137,0.9243995547294617 ,0.32457765107201697
178  ,0.92731863,0.23808739866558248,0.9162117838859558 ,0.3299401296408416
179  ,0.9289565 ,0.23069111520313512,0.9238536953926086 ,0.32382967205937774
180  ,0.9273869 ,0.24063700110499203,0.9224891066551208 ,0.31085646297278363
181  ,0.93045795,0.23422713508595705,0.9178493618965149 ,0.32965648707864587
182  ,0.9297072 ,0.23553435209830173,0.9268559217453003 ,0.3225236926959852
183  ,0.92834234,0.22992324122229443,0.9099345207214355 ,0.3488633114372799
184  ,0.9310721 ,0.2302243378531247 ,0.9254912734031677 ,0.3112456861671922
185  ,0.93018496,0.22635826160539532,0.9260371327400208 ,0.31186372360548076
186  ,0.9308674 ,0.22991766423721213,0.9279475808143616 ,0.31507580585810296
187  ,0.92581725,0.22785814872725557,0.9077510833740234 ,0.3668871918229557
188  ,0.92957073,0.22657325700416603,0.9241266250610352 ,0.3090888674342476
189  ,0.93182284,0.22652114025746597,0.9279475808143616 ,0.3101893323575305
190  ,0.9313451 ,0.2280650566201938 ,0.9282205104827881 ,0.3046748484911877
191  ,0.93127686,0.22920628714006622,0.9145742654800415 ,0.34009642879515234
192  ,0.9307309 ,0.21975258603007658,0.9246724843978882 ,0.31146576675265114
193  ,0.9320958 ,0.22309256090342058,0.9284934401512146 ,0.31225107018083464
194  ,0.9317546 ,0.21927535321365435,0.9304039478302002 ,0.2946194340373231
195  ,0.93421143,0.21848742125799556,0.9268559217453003 ,0.293729709388127
196  ,0.9341432 ,0.21643971403100862,0.9246724843978882 ,0.33316376757315935
197  ,0.9326418 ,0.21943282601569428,0.9110261797904968 ,0.3450163018495235
198  ,0.9338702 ,0.22037014506143537,0.931768536567688  ,0.30829112296801986
199  ,0.9321641 ,0.21980856903980903,0.9159388542175293 ,0.3586911938669705
200  ,0.9313451 ,0.2267406839923892 ,0.9238536953926086 ,0.31103795789605143
201  ,0.93141335,0.22471508318768713,0.9290392994880676 ,0.3025026494498857
202  ,0.9342797 ,0.2199630001582099 ,0.9063864350318909 ,0.3786165784540135
203  ,0.9321641 ,0.21822947518155003,0.9230349063873291 ,0.330205902652449
204  ,0.93045795,0.2252752108028185 ,0.9197598099708557 ,0.348482557909978
205  ,0.9346209 ,0.21926779327024937,0.898198664188385  ,0.376284438449743
206  ,0.9317546 ,0.22080961381918024,0.9186681509017944 ,0.3181327514301611
207  ,0.9331877 ,0.21811520262849962,0.9055677056312561 ,0.3935448081602696
208  ,0.9338702 ,0.21805675737297933,0.9216703176498413 ,0.3250637015563692
209  ,0.9328465 ,0.22069376834855017,0.9314956068992615 ,0.3014755478071854
210  ,0.933256  ,0.21933279830868607,0.9126637578010559 ,0.3391109116082629
211  ,0.9325053 ,0.2160854880853553 ,0.932860255241394  ,0.28378404218166675
212  ,0.93482566,0.2125462001469374 ,0.9309498071670532 ,0.2933171985581452
213  ,0.9341432 ,0.21953916854763375,0.9216703176498413 ,0.31669585956626584
214  ,0.9367365 ,0.21239336126738909,0.9260371327400208 ,0.3191962647516134
215  ,0.93496215,0.21485426005857972,0.9301310181617737 ,0.29465160201665613
216  ,0.93468916,0.20938434115212695,0.9162117838859558 ,0.3422739492143671
217  ,0.9330512 ,0.21655111520361806,0.9249454140663147 ,0.33013754787013
218  ,0.9362588 ,0.21331372029714793,0.9268559217453003 ,0.30130712234101964
219  ,0.9355763 ,0.20991519242799672,0.9282205104827881 ,0.31081673128766263
220  ,0.93468916,0.22155272650192323,0.9282205104827881 ,0.29471186283308864
221  ,0.93741894,0.20509703547354324,0.9276746511459351 ,0.30258047463591964
222  ,0.9370095 ,0.2133620664358367 ,0.9257642030715942 ,0.30854451487158063
223  ,0.93741894,0.2095453217783243 ,0.9112991094589233 ,0.3598951305462023
224  ,0.9343479 ,0.21470111533048608,0.9276746511459351 ,0.29444647180201183
225  ,0.9337337 ,0.21138619613885018,0.9178493618965149 ,0.32032922333244673
226  ,0.9343479 ,0.22129772173246248,0.9260371327400208 ,0.31720508548012205
227  ,0.94165015,0.19954780698339175,0.9304039478302002 ,0.29732765735627265
228  ,0.93578106,0.2104708406867521 ,0.9241266250610352 ,0.31365432739908516
229  ,0.936873  ,0.2077020384736869 ,0.9241266250610352 ,0.31990201929055445
230  ,0.941036  ,0.20065401111219894,0.9252183437347412 ,0.3092792991988003
231  ,0.9328465 ,0.21547396633475827,0.9301310181617737 ,0.3094127619858652
232  ,0.93714595,0.20475463318794668,0.9254912734031677 ,0.31318733771229934
233  ,0.9372142 ,0.2098232937096687 ,0.9355894923210144 ,0.27213754039664456
234  ,0.93591756,0.20727535557833937,0.9224891066551208 ,0.34830579863592787
235  ,0.93605405,0.20273767649773516,0.9134825468063354 ,0.35694915612988726
236  ,0.94049   ,0.20156138084764277,0.9132096171379089 ,0.3590089976462214
237  ,0.9373507 ,0.20363842913626584,0.9077510833740234 ,0.37324285318497485
238  ,0.93714595,0.2000185676782943 ,0.9306768774986267 ,0.299429520850749
239  ,0.94083124,0.19746863933534725,0.9222161769866943 ,0.3444301573860593
240  ,0.9355081 ,0.20241223371761907,0.9173035025596619 ,0.3416581136463251
241  ,0.93619055,0.20501112887995696,0.9246724843978882 ,0.31790655054249617
242  ,0.93885213,0.20305594316671824,0.9257642030715942 ,0.3094736613479634
243  ,0.94028527,0.19331355529507377,0.9279475808143616 ,0.31543506281735073
244  ,0.9394663 ,0.20165953719436142,0.9167576432228088 ,0.33005766599849845
245  ,0.9358493 ,0.2032752614759434 ,0.936408281326294  ,0.2893355774925005
246  ,0.9389886 ,0.20720875921375   ,0.9063864350318909 ,0.388322904901213
247  ,0.936873  ,0.2047498881153822 ,0.9274017214775085 ,0.30960524615762536
248  ,0.94069475,0.19497851391424542,0.9355894923210144 ,0.28800061530144844
249  ,0.9374872 ,0.19926806848496453,0.9350436925888062 ,0.284467131916157
250  ,0.93980753,0.20230366398529462,0.9181222915649414 ,0.3386415325788431
251  ,0.93694127,0.21153177436277712,0.9235807657241821 ,0.3126534681002646
252  ,0.9389204 ,0.19793097356850806,0.9287663698196411 ,0.3134061499340175
253  ,0.9390569 ,0.19807480293681562,0.931768536567688  ,0.30340637259315456
254  ,0.9386474 ,0.19924472624052508,0.931768536567688  ,0.31329536864200536
255  ,0.9397393 ,0.19856218110556684,0.9145742654800415 ,0.341679067216716
256  ,0.93741894,0.2066111008382483 ,0.9216703176498413 ,0.3314350397208112
257  ,0.9387839 ,0.19940082417578694,0.932314395904541  ,0.29179202781494007
258  ,0.9397393 ,0.19740729249334008,0.9222161769866943 ,0.33014922268591074
259  ,0.9400805 ,0.20274337890761904,0.9320414662361145 ,0.2926267501389746
260  ,0.94055825,0.1924519633942559 ,0.9219432473182678 ,0.32643283018638997
261  ,0.9387839 ,0.19970423577416027,0.9219432473182678 ,0.346116415928545
262  ,0.9377602 ,0.196995222946507  ,0.9216703176498413 ,0.3278450261817749
263  ,0.939944  ,0.19531293293196927,0.9287663698196411 ,0.3119773480504361
264  ,0.94096774,0.1942944110786273 ,0.9230349063873291 ,0.326562336666355
265  ,0.9390569 ,0.19312373545949535,0.9347707629203796 ,0.2853804714977741
266  ,0.9385109 ,0.1942931473344648 ,0.9344978332519531 ,0.2895547475942358
267  ,0.9383744 ,0.19884062836188582,0.914301335811615  ,0.3831065278032624
268  ,0.94205964,0.19293695023069932,0.9342249035835266 ,0.29847095955537395
269  ,0.94267386,0.18609372895300727,0.9243995547294617 ,0.3231789520799333
270  ,0.941309  ,0.19875409571309144,0.9287663698196411 ,0.32032500103311246
271  ,0.9412407 ,0.1953987048822304 ,0.9279475808143616 ,0.3135304670927306
272  ,0.9389886 ,0.1906537151807308 ,0.9140284061431885 ,0.3638544262236383
273  ,0.94281036,0.19188050288417954,0.9304039478302002 ,0.3051948536057269
274  ,0.94253737,0.1873024322022873 ,0.9339519739151001 ,0.30120078349022367
275  ,0.9370095 ,0.20439216394976797,0.9312227368354797 ,0.28641970223019214
276  ,0.9424691 ,0.18827944259643392,0.9347707629203796 ,0.2753112181760859
277  ,0.94055825,0.19316140922850525,0.902838408946991  ,0.3854276205384575
278  ,0.9415819 ,0.19281048243126186,0.9301310181617737 ,0.3100588377727822
279  ,0.9430151 ,0.18645955788973678,0.9123908281326294 ,0.3543389049159387
280  ,0.9430151 ,0.1834582614669261 ,0.9284934401512146 ,0.30439223082305045
281  ,0.9424691 ,0.19137168609611102,0.9230349063873291 ,0.3351052110307081
282  ,0.94390225,0.18571094825374693,0.9293122291564941 ,0.3061648198936183
283  ,0.9393298 ,0.20119407875321632,0.9287663698196411 ,0.3306225908505344
284  ,0.94165015,0.1863669680821353 ,0.9334061145782471 ,0.27916249619821276
285  ,0.9417184 ,0.18919039947957478,0.932314395904541  ,0.30234736854853067
286  ,0.94403875,0.18227793272242224,0.9312227368354797 ,0.2948254514566936
287  ,0.9423326 ,0.19059134452837462,0.9342249035835266 ,0.28151791799797243
288  ,0.94096774,0.186341800557821  ,0.9194868803024292 ,0.34425496222150376
289  ,0.943834  ,0.18117541728235792,0.9222161769866943 ,0.3289949673362174
290  ,0.94281036,0.18643509030610572,0.9246724843978882 ,0.30787741046350076
291  ,0.9415819 ,0.19267300736787807,0.931768536567688  ,0.30498138841192796
292  ,0.94253737,0.18343324246406068,0.9320414662361145 ,0.2947142687849863
293  ,0.94321984,0.19091835268701635,0.9145742654800415 ,0.3300858261836408
294  ,0.9439705 ,0.18380799112828902,0.9347707629203796 ,0.2786479984373505
295  ,0.94629085,0.18284110320134675,0.9298580884933472 ,0.3016109913099541
296  ,0.9451307 ,0.18506226385322308,0.936954140663147  ,0.28839641054644855
297  ,0.9414454 ,0.1860752893472087 ,0.9216703176498413 ,0.34010306762035236
298  ,0.9431516 ,0.19258719855470885,0.9243995547294617 ,0.3210362495293263
299  ,0.9408995 ,0.1828227599375095 ,0.932860255241394  ,0.29543588697650025
300  ,0.9467686 ,0.1820581241235028 ,0.9355894923210144 ,0.28578697489859234
301  ,0.9447212 ,0.17991637916648087,0.9314956068992615 ,0.3046182322124727
302  ,0.9445165 ,0.1766673989234496 ,0.9350436925888062 ,0.29266685195771497
303  ,0.94403875,0.18350947019464528,0.9205785989761353 ,0.34876098109645093
304  ,0.9434246 ,0.18662909263973634,0.9219432473182678 ,0.33633334004202264
305  ,0.94267386,0.18701687654089963,0.9265829920768738 ,0.32984784004729906
306  ,0.9449942 ,0.17538570523229483,0.9276746511459351 ,0.32100895476653585
307  ,0.94478947,0.17810152211441796,0.9194868803024292 ,0.34271776708713264
308  ,0.94151366,0.18950653705350093,0.9314956068992615 ,0.3183961600292978
309  ,0.94615436,0.1723942667721791 ,0.9268559217453003 ,0.32235981686667065
310  ,0.9431516 ,0.1846121330090548 ,0.9347707629203796 ,0.28619863676907714
311  ,0.9449942 ,0.18002608570598266,0.9268559217453003 ,0.328013181702669
312  ,0.9463591 ,0.17705878100504707,0.9342249035835266 ,0.3090935072589129
313  ,0.9448577 ,0.1827257282618556 ,0.9325873255729675 ,0.2959914726070962
314  ,0.94629085,0.17995731739723536,0.9230349063873291 ,0.31475211525392843
315  ,0.94376576,0.18404549538035658,0.9203056693077087 ,0.33751883823017886
316  ,0.94431174,0.17865972748178918,0.9249454140663147 ,0.33167613693817993
317  ,0.94335634,0.18458073049537607,0.9298580884933472 ,0.32020163523057665
318  ,0.94438   ,0.17613990539234262,0.9265829920768738 ,0.3463007115868762
319  ,0.9448577 ,0.17653224403737128,0.9203056693077087 ,0.32731086445167074
320  ,0.94560844,0.17902827244370184,0.9336790442466736 ,0.3058247087954434
321  ,0.94492596,0.17371204639224724,0.9290392994880676 ,0.29744083209849864
322  ,0.94588137,0.1765737517318701 ,0.9304039478302002 ,0.30457022851211013
323  ,0.9445165 ,0.18099033324285504,0.9304039478302002 ,0.29509371467032286
324  ,0.94615436,0.175507720126875  ,0.9372270703315735 ,0.29047194904115003
325  ,0.9436975 ,0.18638211227676318,0.9260371327400208 ,0.3179236201479966
326  ,0.9419914 ,0.18459539969146582,0.9293122291564941 ,0.31490722672777927
327  ,0.9472463 ,0.17217892079493913,0.9290392994880676 ,0.30258389409452546
328  ,0.94478947,0.17714953450105347,0.9235807657241821 ,0.3360613454377287
329  ,0.94642735,0.17633189951306535,0.9246724843978882 ,0.3290366556446625
330  ,0.9451307 ,0.18033773456162125,0.9282205104827881 ,0.3142650081861488
331  ,0.9455402 ,0.17721066168389743,0.9282205104827881 ,0.3256579730578385
332  ,0.94629085,0.17190148233492805,0.9252183437347412 ,0.3379297788096307
333  ,0.9460861 ,0.17606522115633233,0.9312227368354797 ,0.3061295011483426
334  ,0.94813347,0.17047224742499162,0.9298580884933472 ,0.30949343765138215
335  ,0.9467686 ,0.16979431941986312,0.9295851588249207 ,0.3035003623262243
336  ,0.94772404,0.16648807331725435,0.9170305728912354 ,0.360619120852916
337  ,0.94308335,0.18203321425209254,0.9361353516578674 ,0.3037808284846716
338  ,0.94772404,0.16815670575654962,0.938591718673706  ,0.28626651020810073
339  ,0.94895244,0.16433351047655864,0.9192139506340027 ,0.34289817934994093
340  ,0.9434928 ,0.1785844207737443 ,0.9263100624084473 ,0.30750751033360263
341  ,0.9436975 ,0.1745153711818269 ,0.9298580884933472 ,0.3042733279508274
342  ,0.94642735,0.171018836223159  ,0.9325873255729675 ,0.31726717433229285
343  ,0.9472463 ,0.17417705279726595,0.9301310181617737 ,0.3036282684442518
344  ,0.94813347,0.16611517487223593,0.9238536953926086 ,0.335124619663022
345  ,0.94376576,0.1819914826572995 ,0.9219432473182678 ,0.3244781707246751
346  ,0.9459496 ,0.16831236666565844,0.9295851588249207 ,0.3094156928783421
347  ,0.94840646,0.1667422047513488 ,0.9325873255729675 ,0.31753577660529275
348  ,0.94745106,0.17250628631297846,0.9347707629203796 ,0.3091267523026362
349  ,0.94656384,0.17218254834143024,0.9284934401512146 ,0.31669073070370996
350  ,0.94417524,0.1768472555333019 ,0.9233078360557556 ,0.32670696239967273
351  ,0.94629085,0.17326921921754496,0.9249454140663147 ,0.3173250219251912
352  ,0.943834  ,0.1759572610973962 ,0.9342249035835266 ,0.29002717602591327
353  ,0.94881594,0.1712239737426235 ,0.932314395904541  ,0.2848964617892644
354  ,0.94779223,0.16952756759510718,0.9377729296684265 ,0.3011996005560113
355  ,0.94840646,0.16385425550656327,0.9312227368354797 ,0.33489227633288854
356  ,0.94772404,0.169361876633349  ,0.9325873255729675 ,0.2993226024651632
357  ,0.9468368 ,0.17007351965820602,0.932314395904541  ,0.2968851528394821
358  ,0.94745106,0.16785147519093085,0.9265829920768738 ,0.33226074041660436
359  ,0.9471098 ,0.16935365107135464,0.9304039478302002 ,0.3257193915448335
360  ,0.947997  ,0.16974567932874474,0.932314395904541  ,0.29709473275071147
361  ,0.9472463 ,0.1706358164229556 ,0.9383187890052795 ,0.2885584673116301
362  ,0.9470416 ,0.16777805144615948,0.9230349063873291 ,0.3414108586623679
363  ,0.9490207 ,0.16236699640950206,0.9241266250610352 ,0.32213195683393936
364  ,0.9493619 ,0.16245668426858748,0.9342249035835266 ,0.30387266936781104
365  ,0.9483382 ,0.17423553366079547,0.9320414662361145 ,0.29759830905848456
366  ,0.9494984 ,0.16183912027864938,0.936408281326294  ,0.29814683833041566
367  ,0.9483382 ,0.17072586801660952,0.9306768774986267 ,0.3205472302488885
368  ,0.94731456,0.16895342834681804,0.927128791809082  ,0.32332838471474606
369  ,0.94983965,0.16578979233845115,0.9268559217453003 ,0.32643389500124487
370  ,0.9455402 ,0.17337513758706158,0.9334061145782471 ,0.30222698024526956
371  ,0.9496349 ,0.17301750631675877,0.9233078360557556 ,0.3482842671168423
372  ,0.9482017 ,0.16898207388635725,0.9265829920768738 ,0.33125375791180345
373  ,0.94758755,0.166491887839607  ,0.9306768774986267 ,0.3090405760894176
374  ,0.9497714 ,0.16609619501722653,0.9350436925888062 ,0.28876364159531986
375  ,0.9483382 ,0.16712139090216135,0.9325873255729675 ,0.31832921820566645
376  ,0.94519895,0.1726167834753682 ,0.9241266250610352 ,0.3411048213467327
377  ,0.9494984 ,0.16285391978572222,0.9334061145782471 ,0.3050797952574934
378  ,0.9471098 ,0.16693674621606927,0.9355894923210144 ,0.30525348424976567
379  ,0.9505903 ,0.1596719737271518 ,0.9424126744270325 ,0.2765532342237156
380  ,0.94840646,0.16132713941667687,0.936408281326294  ,0.3171372225906651
381  ,0.9488842 ,0.16793232546551173,0.9314956068992615 ,0.31364280229442504
382  ,0.95168227,0.15565378360548401,0.9375             ,0.2890768795229462
383  ,0.95079505,0.1617129979328329 ,0.9298580884933472 ,0.33931174923108653
384  ,0.94745106,0.1671283145991355 ,0.9325873255729675 ,0.30071294561483974
385  ,0.9503856 ,0.1641911096534802 ,0.936408281326294  ,0.30675218270595417
386  ,0.94943017,0.166522460817347  ,0.9366812109947205 ,0.2745215338390467
387  ,0.9515458 ,0.15695865810454393,0.9325873255729675 ,0.3130447399603227
388  ,0.9517505 ,0.16427346708599166,0.9334061145782471 ,0.31791850917984826
389  ,0.9487477 ,0.16824234633903604,0.9282205104827881 ,0.3260509405594205
390  ,0.95065856,0.1613260890276922 ,0.9394105076789856 ,0.28039460482815987
391  ,0.94867945,0.16851791790208906,0.9257642030715942 ,0.3149435802253053
392  ,0.951887  ,0.15656986937769882,0.9222161769866943 ,0.3417196400691328
393  ,0.9476558 ,0.16383543666911063,0.9279475808143616 ,0.33915332877219506
394  ,0.9491572 ,0.16335170457186263,0.9314956068992615 ,0.3252283639750366
395  ,0.9505903 ,0.16159375782249844,0.9334061145782471 ,0.3048501492327478
396  ,0.95168227,0.1559057772659909 ,0.9295851588249207 ,0.3209109421510363
397  ,0.9514775 ,0.15587420248134318,0.9252183437347412 ,0.33619655473523785
398  ,0.94854295,0.16365071075577495,0.9276746511459351 ,0.32292823327550724
399  ,0.9501808 ,0.1604263547802593 ,0.9314956068992615 ,0.3278608402505712
400  ,0.95168227,0.15586337593605207,0.9325873255729675 ,0.29624044732495686
401  ,0.9514093 ,0.15773505557399395,0.9306768774986267 ,0.31296443861124296
402  ,0.9508633 ,0.15896541460670238,0.9298580884933472 ,0.3147640530361619
403  ,0.9509998 ,0.16213665609279443,0.9284934401512146 ,0.3238735118287099
404  ,0.95277417,0.1527578980284836 ,0.938045859336853  ,0.29884903051577283
405  ,0.94943017,0.15819096875310326,0.936408281326294  ,0.3046836046721607
406  ,0.9459496 ,0.1720647111668291 ,0.9132096171379089 ,0.3822347380904131
407  ,0.951887  ,0.16061841882396655,0.9306768774986267 ,0.3308283397073829
408  ,0.94990784,0.16299310098223285,0.9203056693077087 ,0.34665322895914186
409  ,0.9496349 ,0.15592165225666146,0.931768536567688  ,0.31565255837669537
410  ,0.9533884 ,0.15628461888503484,0.9331331849098206 ,0.31862241862642715
411  ,0.95052207,0.1647572505446023 ,0.9331331849098206 ,0.2994558417836131
412  ,0.95195526,0.1587156657126221 ,0.936408281326294  ,0.30588344406889645
413  ,0.95079505,0.1588916875773352 ,0.9334061145782471 ,0.3151195079543705
414  ,0.9505903 ,0.1607559414560507 ,0.9372270703315735 ,0.29347143304334977
415  ,0.94956666,0.15950078738229573,0.9342249035835266 ,0.29637758193057695
416  ,0.95120454,0.16101850258574293,0.932314395904541  ,0.3130856546121914
417  ,0.9496349 ,0.15928175166175038,0.932860255241394  ,0.3111616688654412
418  ,0.95106804,0.15819755249401168,0.936408281326294  ,0.3011980581231513
419  ,0.9544803 ,0.1534542524594134 ,0.9312227368354797 ,0.31163262444096884
420  ,0.94983965,0.16127309232537335,0.9344978332519531 ,0.30512063016537494
421  ,0.95093155,0.15826491323996753,0.9377729296684265 ,0.29023298772466755
422  ,0.95407087,0.1498248012433774 ,0.9243995547294617 ,0.34846875556301343
423  ,0.9486112 ,0.1623616646117239 ,0.9366812109947205 ,0.2881677639406321
424  ,0.95304716,0.1591527806848566 ,0.9178493618965149 ,0.3662348569545683
425  ,0.95215994,0.15248338907340814,0.9388646483421326 ,0.2976717639503
426  ,0.95093155,0.15297036142017478,0.9309498071670532 ,0.32619162476479224
427  ,0.94956666,0.16259582268616563,0.9325873255729675 ,0.3106497548292818
428  ,0.9492937 ,0.15832052430337437,0.9314956068992615 ,0.3094263446057728
429  ,0.95441204,0.1450368408254818 ,0.9383187890052795 ,0.29640913356144355
430  ,0.9503173 ,0.1571062401416057 ,0.9339519739151001 ,0.3169890208633446
431  ,0.9529789 ,0.1519572856153212 ,0.9347707629203796 ,0.29973389972896036
432  ,0.9505903 ,0.16057014522687213,0.9279475808143616 ,0.3194815230974724
433  ,0.95134103,0.1580307888352553 ,0.9274017214775085 ,0.33332187314741474
434  ,0.95291066,0.15480783506277063,0.9366812109947205 ,0.2967182097379037
435  ,0.95106804,0.15924159510383132,0.936954140663147  ,0.288221671892631
436  ,0.9503856 ,0.1512350453052278 ,0.9344978332519531 ,0.3282893825175981
437  ,0.9520235 ,0.15623822340907387,0.9306768774986267 ,0.3311762307408595
438  ,0.95529926,0.1493789780642696 ,0.9314956068992615 ,0.32410365754665243
439  ,0.9505903 ,0.16565079970167967,0.9243995547294617 ,0.3209911810974367
440  ,0.95079505,0.15477720540407647,0.936408281326294  ,0.3079212805394522
441  ,0.95052207,0.15938915717539132,0.9312227368354797 ,0.312816569573494
442  ,0.95516276,0.1472994465910222 ,0.9306768774986267 ,0.31238331509078954
443  ,0.9512728 ,0.15561016139573777,0.932314395904541  ,0.30238144721136345
444  ,0.95215994,0.1543448059075051 ,0.9320414662361145 ,0.3130865528138444
445  ,0.95004433,0.16159312627888747,0.9336790442466736 ,0.2877096491154104
446  ,0.9538661 ,0.14900597365148352,0.9306768774986267 ,0.32566060356828325
447  ,0.9508633 ,0.15691881636047675,0.9293122291564941 ,0.3234090747140901
448  ,0.9529789 ,0.15113746715061396,0.932314395904541  ,0.3315463664424992
449  ,0.95195526,0.1528201588060045 ,0.931768536567688  ,0.3317062507778016
450  ,0.9527059 ,0.15269294411039577,0.932314395904541  ,0.29427804000773283
451  ,0.9547533 ,0.14533163959692177,0.9388646483421326 ,0.2868433191591475
452  ,0.94970316,0.15516211338570554,0.9339519739151001 ,0.3090028520104146
453  ,0.95291066,0.15190074613421703,0.9388646483421326 ,0.29223288270323555
454  ,0.95079505,0.15866850037706115,0.9173035025596619 ,0.35393918321903095
455  ,0.9540026 ,0.1489893979813258 ,0.9312227368354797 ,0.30517656024236345
456  ,0.95181876,0.1508812545821918 ,0.9263100624084473 ,0.33789974997657873
457  ,0.95229644,0.14978721508288362,0.9355894923210144 ,0.3068519778647277
458  ,0.9523647 ,0.15478377281782538,0.9320414662361145 ,0.3166615284621455
459  ,0.9553675 ,0.14256862636549045,0.9396833777427673 ,0.2888383724153302
460  ,0.95093155,0.15669516606769537,0.9394105076789856 ,0.2875557526230291
461  ,0.95195526,0.14695651436196996,0.9279475808143616 ,0.33103745816251073
462  ,0.95093155,0.16206019412272865,0.9314956068992615 ,0.3228174020987671
463  ,0.95332015,0.1534784972049397 ,0.9410480260848999 ,0.2844181925904282
464  ,0.9525012 ,0.14899455891252336,0.9355894923210144 ,0.31329834223704567
465  ,0.95652765,0.14143041267839543,0.9355894923210144 ,0.3149942429044882
466  ,0.95304716,0.1518846052336317 ,0.9344978332519531 ,0.30638626039304717
467  ,0.9525694 ,0.14994685465135257,0.9325873255729675 ,0.30362327533517863
468  ,0.9523647 ,0.14952993538417012,0.9344978332519531 ,0.30440689837682067
469  ,0.95243293,0.14600664327586055,0.932860255241394  ,0.30529225772189783
470  ,0.955504  ,0.1459885111426539 ,0.9375             ,0.31324294415265974
471  ,0.9532519 ,0.14690831514661534,0.9394105076789856 ,0.29547405164835233
472  ,0.95468503,0.14850370157991816,0.9383187890052795 ,0.2935888996128172
473  ,0.9525694 ,0.14829801959756908,0.931768536567688  ,0.3296364490186804
474  ,0.95318365,0.14910637327837697,0.9344978332519531 ,0.29798877239227295
475  ,0.95427555,0.14808683248784268,0.9287663698196411 ,0.3261515519634605
476  ,0.95468503,0.14127549443551315,0.9342249035835266 ,0.2976868818290369
477  ,0.9544803 ,0.14547999693469887,0.9304039478302002 ,0.32867279596724364
478  ,0.95441204,0.14697706685439316,0.9377729296684265 ,0.3141055829644073
479  ,0.9541391 ,0.14455887999281106,0.9344978332519531 ,0.30102831418076975
480  ,0.9548898 ,0.14142572219799884,0.9361353516578674 ,0.306253607226251
481  ,0.9531154 ,0.15131621831406555,0.9268559217453003 ,0.3419868189304677
482  ,0.9532519 ,0.15000056680872817,0.932314395904541  ,0.3339997066030336
483  ,0.9561182 ,0.14503736175799592,0.9339519739151001 ,0.3151028269503314
484  ,0.9511363 ,0.1520285258724414 ,0.927128791809082  ,0.33169521313307065
485  ,0.95345664,0.15237714424154777,0.9366812109947205 ,0.2886142451560133
486  ,0.95407087,0.14287001294354842,0.9314956068992615 ,0.34843627386218073
487  ,0.95918924,0.13618168911494258,0.9331331849098206 ,0.3065138208033216
488  ,0.9556405 ,0.14483480429125428,0.9383187890052795 ,0.3074438955195606
489  ,0.9564594 ,0.14100018586427746,0.9344978332519531 ,0.3138674786517714
490  ,0.95277417,0.14517478888988747,0.9306768774986267 ,0.3180421057226356
491  ,0.9535249 ,0.1485332937738655 ,0.9355894923210144 ,0.30623501184595725
492  ,0.9562547 ,0.14150111680591196,0.9279475808143616 ,0.3371770706955002
493  ,0.9565959 ,0.14120939599577254,0.9336790442466736 ,0.3311335113891868
494  ,0.9543438 ,0.1481307441795685 ,0.9407750964164734 ,0.2946854399671721
495  ,0.955504  ,0.14573773900160714,0.9336790442466736 ,0.31341027204907096
496  ,0.955231  ,0.14386055108683757,0.9306768774986267 ,0.33367786390552356
497  ,0.954958  ,0.14669336434607538,0.9314956068992615 ,0.3208293465157263
498  ,0.9548215 ,0.14525087620527324,0.9314956068992615 ,0.3367015686227765
499  ,0.955504  ,0.1423854878259862 ,0.936954140663147  ,0.29955779107116715
500  ,0.9520235 ,0.1478765947696073 ,0.9350436925888062 ,0.3214982597718593
501  ,0.95502627,0.14749725754432838,0.9366812109947205 ,0.294980046660619
502  ,0.95502627,0.14735820160126561,0.9312227368354797 ,0.3153680260069506
503  ,0.9565959 ,0.14260009587998848,0.938045859336853  ,0.31206108737069965
504  ,0.95516276,0.1416222145402748 ,0.936954140663147  ,0.3280920557449999
505  ,0.95516276,0.14002905176892863,0.9388646483421326 ,0.3027288861182319
506  ,0.9584385 ,0.1366395370175812 ,0.9304039478302002 ,0.3342624923547803
507  ,0.9533884 ,0.14434305103561182,0.9361353516578674 ,0.29882542258657224
508  ,0.9546168 ,0.14538427463769588,0.9399563074111938 ,0.3025891644693098
509  ,0.954958  ,0.1420223063312683 ,0.9372270703315735 ,0.29378592096041384
510  ,0.9559135 ,0.14239225315858925,0.9410480260848999 ,0.2869860987345725
511  ,0.955231  ,0.13868994622001962,0.9336790442466736 ,0.3059224529297591
512  ,0.95782435,0.13677897903322564,0.9233078360557556 ,0.37722887847100806
513  ,0.9523647 ,0.15566293970396158,0.9391375780105591 ,0.287872826818816
514  ,0.95502627,0.14218068985276228,0.9170305728912354 ,0.3762538125941847
515  ,0.95468503,0.1435166274926479 ,0.9394105076789856 ,0.29327523994654026
516  ,0.9587115 ,0.13441186837482344,0.9252183437347412 ,0.3427743996660262
517  ,0.95639116,0.13322448647486784,0.938591718673706  ,0.3040154783225997
518  ,0.95768785,0.1384624808504013 ,0.9344978332519531 ,0.3058006756951195
519  ,0.9571419 ,0.13720084956154915,0.9344978332519531 ,0.3103386079770509
520  ,0.95468503,0.14144084365851706,0.932314395904541  ,0.3129810044729033
521  ,0.955777  ,0.1430486039914654 ,0.9295851588249207 ,0.31927948578476384
522  ,0.9559135 ,0.136186846647032  ,0.9372270703315735 ,0.3100107083804743
523  ,0.95427555,0.14259005018788248,0.9312227368354797 ,0.3196373731548609
524  ,0.95755136,0.13981442009188763,0.9388646483421326 ,0.29229876363251406
525  ,0.955777  ,0.1401861296118929 ,0.9418668150901794 ,0.2934342036471096
526  ,0.9543438 ,0.14314840530770342,0.9361353516578674 ,0.298093308267635
527  ,0.9533884 ,0.14878192941707075,0.9347707629203796 ,0.32141030244691926
528  ,0.9565959 ,0.14291225748587524,0.9347707629203796 ,0.3177895778261418
529  ,0.95584524,0.1376254092176107 ,0.9361353516578674 ,0.3372522338118616
530  ,0.9592575 ,0.1349929004891337 ,0.9293122291564941 ,0.3362734044157782
531  ,0.95441204,0.14347214755750082,0.9399563074111938 ,0.30632722263903595
532  ,0.95557225,0.13866660557649146,0.938591718673706  ,0.2880025606228275
533  ,0.9564594 ,0.13733454658490013,0.9350436925888062 ,0.31142156450769265
534  ,0.95557225,0.14085254435985722,0.9405021667480469 ,0.30827202090757644
535  ,0.9562547 ,0.14141599251871215,0.936954140663147  ,0.2992095342760003
536  ,0.95652765,0.1393882983983161 ,0.938591718673706  ,0.3081292825624932
537  ,0.95570874,0.14517575937186558,0.9437772631645203 ,0.27988684878534104
538  ,0.954958  ,0.14087637084729027,0.9304039478302002 ,0.3251033818357376
539  ,0.9547533 ,0.14141320564614981,0.9383187890052795 ,0.30593492640141706
540  ,0.9559135 ,0.14524162846816274,0.9301310181617737 ,0.3102905026689888
541  ,0.9581656 ,0.13674113169258578,0.9429585337638855 ,0.27511064386133544
542  ,0.95652765,0.13813895133951862,0.9325873255729675 ,0.31222850546305875
543  ,0.955504  ,0.13958033739794384,0.938045859336853  ,0.3171972216607181
544  ,0.9581656 ,0.1364207452233396 ,0.9350436925888062 ,0.3086278760992804
545  ,0.9573466 ,0.13498586763909454,0.9448689818382263 ,0.29670975881112194
546  ,0.9583021 ,0.13877229815573852,0.9394105076789856 ,0.2986534024755507
547  ,0.95680064,0.13523253613860095,0.9287663698196411 ,0.34578768720272846
548  ,0.9541391 ,0.13821302260701415,0.9350436925888062 ,0.32483303121506646
549  ,0.9520917 ,0.14560081738929556,0.9353166222572327 ,0.3145443612311084
550  ,0.95782435,0.13400398102553804,0.9372270703315735 ,0.29882600735954323
551  ,0.9577561 ,0.13519534986728793,0.936408281326294  ,0.30787275170329875
552  ,0.958848  ,0.13492486770009618,0.9304039478302002 ,0.3246635110259837
553  ,0.955504  ,0.1404404878679383 ,0.938045859336853  ,0.3003820247264929
554  ,0.9580291 ,0.13681153152238418,0.9211244583129883 ,0.3624230626010739
555  ,0.9571419 ,0.1382628975610623 ,0.9355894923210144 ,0.31029048720659386
556  ,0.9570736 ,0.1393991004598594 ,0.9325873255729675 ,0.3423974252830556
557  ,0.95441204,0.1417430345474197 ,0.9290392994880676 ,0.31759256664582214
558  ,0.954958  ,0.14646157193495488,0.9115720391273499 ,0.38745633522495954
559  ,0.9571419 ,0.13443177045184843,0.936408281326294  ,0.31102672882996274
560  ,0.9583703 ,0.13226546074907536,0.9402292370796204 ,0.2908977014398991
561  ,0.95796084,0.1380239239820952 ,0.9435043931007385 ,0.27657922604588964
562  ,0.95666414,0.13841653980367105,0.9312227368354797 ,0.32293025011757964
563  ,0.95782435,0.13158974759186615,0.9377729296684265 ,0.32405939670564304
564  ,0.9570054 ,0.13734382581651428,0.9339519739151001 ,0.3048251023328981
565  ,0.96048594,0.12954971747276994,0.9366812109947205 ,0.29596393539135113
566  ,0.9556405 ,0.13431399139691147,0.9336790442466736 ,0.31970355610920353
567  ,0.95891625,0.1321784323135399 ,0.9342249035835266 ,0.32145674839030186
568  ,0.95796084,0.13021829764124868,0.9274017214775085 ,0.3542222076758547
569  ,0.95755136,0.13482171272056742,0.9366812109947205 ,0.3076256521078697
570  ,0.95741487,0.13550333776856693,0.9279475808143616 ,0.33429923777236686
571  ,0.9600082 ,0.12932876127291595,0.9334061145782471 ,0.3338402935901584
572  ,0.9580291 ,0.13690093787786034,0.9366812109947205 ,0.30437655558232135
573  ,0.95557225,0.14085156396656795,0.9358624219894409 ,0.3148077176192442
574  ,0.9565959 ,0.13769560521481866,0.9284934401512146 ,0.3402273125263281
575  ,0.9595305 ,0.1335807436339759 ,0.9342249035835266 ,0.32604858341045256
576  ,0.95454854,0.14678106816532685,0.942139744758606  ,0.2914545060050019
577  ,0.9561865 ,0.13692563288292608,0.9189410209655762 ,0.35670290666115856
578  ,0.9573466 ,0.13209432424170356,0.936954140663147  ,0.3047385374531475
579  ,0.9574831 ,0.134884264613394  ,0.9407750964164734 ,0.3107079340868902
580  ,0.95864326,0.13414069358036984,0.9257642030715942 ,0.336938131616886
581  ,0.95755136,0.13645391068431792,0.9399563074111938 ,0.3129395379575059
582  ,0.95516276,0.1406764561695702 ,0.9375             ,0.3104983531670669
583  ,0.9583703 ,0.12947569610097828,0.9366812109947205 ,0.29926154934943505
584  ,0.9568689 ,0.13459975330941729,0.938045859336853  ,0.29683099381267763
585  ,0.95823383,0.13629969332125913,0.9208515286445618 ,0.3717242526825859
586  ,0.959121  ,0.13295235089326704,0.9279475808143616 ,0.33604163081104577
587  ,0.95598173,0.13647261907795968,0.9388646483421326 ,0.3039575026870815
588  ,0.9571419 ,0.13435977792290688,0.942685604095459  ,0.2871790814282592
589  ,0.95905274,0.13087251738994135,0.9358624219894409 ,0.30054358861462
590  ,0.95741487,0.13453759045976912,0.9314956068992615 ,0.3182516447126085
591  ,0.95932573,0.1321815391329379 ,0.9325873255729675 ,0.31931132654045347
592  ,0.9544803 ,0.1398692330941563 ,0.9347707629203796 ,0.3192656469169402
593  ,0.95502627,0.1399493864371672 ,0.9383187890052795 ,0.2971345472218688
594  ,0.95782435,0.13812835989174832,0.932314395904541  ,0.3302282310339041
595  ,0.96021295,0.12409553696521353,0.9366812109947205 ,0.31625032223207983
596  ,0.9568689 ,0.1348362102558497 ,0.9383187890052795 ,0.30549423793517866
597  ,0.95980346,0.12867310231794704,0.9353166222572327 ,0.33626122958144766
598  ,0.95768785,0.13452196818935516,0.9405021667480469 ,0.3178382491993852
599  ,0.9572101 ,0.13312627708274075,0.9375             ,0.30228703756975295
600  ,0.9611001 ,0.12123892563986614,0.9298580884933472 ,0.3257443142249595
601  ,0.9553675 ,0.13528097549115628,0.9331331849098206 ,0.31741218330688353
602  ,0.9587115 ,0.1353157471560589 ,0.9350436925888062 ,0.3080978663272212
603  ,0.9604177 ,0.12852588669152046,0.9383187890052795 ,0.30283707425844203
604  ,0.9568689 ,0.13507863955677374,0.9325873255729675 ,0.3323980487850556
605  ,0.9564594 ,0.13483971177602166,0.9304039478302002 ,0.34231324604505015
606  ,0.95918924,0.13422891288021518,0.9375             ,0.3084797747595862
607  ,0.95652765,0.1363380478698467 ,0.9298580884933472 ,0.34230024566036127
608  ,0.95755136,0.1352430170416295 ,0.9410480260848999 ,0.30452386553370797
609  ,0.95993996,0.13180638377165166,0.9388646483421326 ,0.2950318795689849
610  ,0.9553675 ,0.13503228321479285,0.9334061145782471 ,0.34552017631066156
611  ,0.958848  ,0.13337827078646738,0.9334061145782471 ,0.31013161295366076
612  ,0.9576196 ,0.1343948648319524 ,0.9304039478302002 ,0.3365759853452574
613  ,0.9580291 ,0.13193373738019074,0.9342249035835266 ,0.3006574669649507
614  ,0.96130484,0.12679417365228268,0.9350436925888062 ,0.3218322354307862
615  ,0.95932573,0.12591650552647493,0.9325873255729675 ,0.3305716434550598
616  ,0.9580291 ,0.1284738137269601 ,0.9320414662361145 ,0.33309209988529764
617  ,0.95796084,0.13097902137672   ,0.9344978332519531 ,0.3287558864525572
618  ,0.96075886,0.12645287338016561,0.9325873255729675 ,0.32576344840586446
619  ,0.9597352 ,0.13357677108894264,0.9394105076789856 ,0.31041600441308
620  ,0.9600082 ,0.1275198419354584 ,0.9418668150901794 ,0.30303563955178947
621  ,0.9604177 ,0.12581224913040803,0.9353166222572327 ,0.3288708653902903
622  ,0.96021295,0.12809746605667946,0.936408281326294  ,0.3029282923673959
623  ,0.96130484,0.12334267094925566,0.9263100624084473 ,0.3567821691260067
624  ,0.9592575 ,0.13120429752520277,0.9407750964164734 ,0.3033157295535225
625  ,0.9571419 ,0.13176177684358792,0.9358624219894409 ,0.3093074370159332
626  ,0.9601447 ,0.1232980761527283 ,0.9402292370796204 ,0.3138519785810246
627  ,0.9561182 ,0.13264248079243338,0.9413209557533264 ,0.29447453185981015
628  ,0.95993996,0.12952877711744948,0.9314956068992615 ,0.32357713794864423
629  ,0.9601447 ,0.12675138164583932,0.9304039478302002 ,0.32950770272568325
630  ,0.9576196 ,0.132552431821457  ,0.9265829920768738 ,0.3389965034207923
631  ,0.96157783,0.12612878339067543,0.9246724843978882 ,0.3395969118093299
632  ,0.9600082 ,0.1274313701089556 ,0.938591718673706  ,0.30223348736763
633  ,0.95864326,0.13113189295990868,0.936954140663147  ,0.3150015901530153
634  ,0.9595305 ,0.13222689924946354,0.936408281326294  ,0.3079161038337576
635  ,0.95905274,0.12868322524582332,0.9388646483421326 ,0.29355326727618297
636  ,0.96089536,0.1237203277612411 ,0.9353166222572327 ,0.3159867255708536
637  ,0.95864326,0.12867289988313496,0.936954140663147  ,0.31229997292876766
638  ,0.95864326,0.13068029129648748,0.9415938854217529 ,0.3096342641843979
639  ,0.9605542 ,0.13029031475855532,0.9405021667480469 ,0.3055121560284144
640  ,0.9613731 ,0.12390789663471119,0.942685604095459  ,0.31174608274448384
641  ,0.958848  ,0.13082839011442277,0.9391375780105591 ,0.30225379369729993
642  ,0.9597352 ,0.1260781439182287 ,0.9342249035835266 ,0.32489038564622663
643  ,0.95768785,0.1341474830658352 ,0.9383187890052795 ,0.31182775070573565
644  ,0.9568689 ,0.13302857594702225,0.9347707629203796 ,0.3262031941499773
645  ,0.96048594,0.12380969210455445,0.9347707629203796 ,0.33690083560464684
646  ,0.9583021 ,0.1320603994153949 ,0.9399563074111938 ,0.31412030392078333
647  ,0.95932573,0.12588721736863898,0.9347707629203796 ,0.3023410694567918
648  ,0.96075886,0.12143085640192536,0.9208515286445618 ,0.3640986782494591
649  ,0.9562547 ,0.13483012129745817,0.9399563074111938 ,0.3052959057896939
650  ,0.95823383,0.13288585901349867,0.9383187890052795 ,0.300856989153608
651  ,0.9602812 ,0.12242127892621701,0.932860255241394  ,0.32422167038357935
652  ,0.9573466 ,0.12975604995288906,0.9372270703315735 ,0.3235424724143145
653  ,0.96157783,0.1265903048012384 ,0.9402292370796204 ,0.288812972442552
654  ,0.959121  ,0.12678462980683855,0.9347707629203796 ,0.3339767483384328
655  ,0.9567324 ,0.13773752735644357,0.9314956068992615 ,0.33168053438309497
656  ,0.95993996,0.12845823006960083,0.931768536567688  ,0.32133403736040583
657  ,0.96034944,0.12417063871288612,0.936954140663147  ,0.31313389181830475
658  ,0.9615096 ,0.12203100150124246,0.9407750964164734 ,0.31130012682757
659  ,0.9617826 ,0.12430285519177227,0.943231463432312  ,0.2994196126034166
660  ,0.9606906 ,0.12719771442574493,0.9342249035835266 ,0.32889494688685283
661  ,0.9578926 ,0.1327867440349013 ,0.9314956068992615 ,0.3286617554431399
662  ,0.9612366 ,0.12142900029567373,0.9396833777427673 ,0.3057065325663079
663  ,0.95823383,0.13402343374860495,0.9353166222572327 ,0.3053417337415781
664  ,0.9606224 ,0.12512606372810797,0.9314956068992615 ,0.3316589180119824
665  ,0.9587115 ,0.12605165011277258,0.9257642030715942 ,0.34785649733512164
666  ,0.9589845 ,0.12841159177249115,0.9372270703315735 ,0.32502117661116686
667  ,0.96116835,0.12322768601839643,0.9377729296684265 ,0.3268704167099499
668  ,0.96089536,0.12316808569153072,0.9342249035835266 ,0.3250632805009596
669  ,0.9600082 ,0.12560948934427651,0.9287663698196411 ,0.34232561953983975
670  ,0.9613731 ,0.12506794142396038,0.9391375780105591 ,0.3024903069286888
671  ,0.9616461 ,0.12731829777996564,0.942685604095459  ,0.30369301289970696
672  ,0.96116835,0.1247676346843327 ,0.9410480260848999 ,0.30802083906908745
673  ,0.9568689 ,0.1336734618653228 ,0.9339519739151001 ,0.3352449955052684
674  ,0.9595987 ,0.12879682844355353,0.9331331849098206 ,0.3139872447969839
675  ,0.96219206,0.12281523392012215,0.942685604095459  ,0.30478838839320116
676  ,0.962738  ,0.11757982168101308,0.9279475808143616 ,0.33337551410671923
677  ,0.96007645,0.1264299207721596 ,0.938591718673706  ,0.297173114322679
678  ,0.96157783,0.12112570950267079,0.942685604095459  ,0.31111793304634927
679  ,0.9595987 ,0.12525095793421193,0.9361353516578674 ,0.326436228887483
680  ,0.9629427 ,0.11765745674684976,0.936408281326294  ,0.33704152423481754
681  ,0.96144134,0.12473127570508942,0.9399563074111938 ,0.30171995339955826
682  ,0.9613731 ,0.12056570829012479,0.9399563074111938 ,0.3284007524298789
683  ,0.9583021 ,0.13004889980539205,0.9388646483421326 ,0.30846427083340794
684  ,0.9637617 ,0.11656003593198515,0.9309498071670532 ,0.33372212298962745
685  ,0.96048594,0.11990192895331236,0.9405021667480469 ,0.3181106604424236
686  ,0.96219206,0.12194094457388706,0.936408281326294  ,0.32423204775720704
687  ,0.96048594,0.12670172362734594,0.9377729296684265 ,0.32110839616913983
688  ,0.962738  ,0.11830205299834265,0.9391375780105591 ,0.3114323275708736
689  ,0.9605542 ,0.12646805047826182,0.9350436925888062 ,0.309328801279245
690  ,0.9618508 ,0.12388680037752985,0.9361353516578674 ,0.31585621973703
691  ,0.9625333 ,0.12085295193741885,0.9407750964164734 ,0.2965111444220272
692  ,0.96116835,0.12569979633933845,0.936408281326294  ,0.3159531811374244
693  ,0.9597352 ,0.12497307253088925,0.9336790442466736 ,0.31441298374442556
694  ,0.9609636 ,0.12537775893916772,0.943231463432312  ,0.3042591901487919
695  ,0.9605542 ,0.12573203646952827,0.936408281326294  ,0.3165642062454245
696  ,0.96075886,0.1259512886804647 ,0.9372270703315735 ,0.32115517852738434
697  ,0.9621238 ,0.12067428199460073,0.936954140663147  ,0.3182092167306935
698  ,0.95993996,0.1305323607397431 ,0.938045859336853  ,0.298942791062151
699  ,0.9637617 ,0.11329619786092253,0.9350436925888062 ,0.31854694697794433
700  ,0.95877975,0.1267822174336193 ,0.9407750964164734 ,0.29926017753161716
701  ,0.96034944,0.12046141433022677,0.9361353516578674 ,0.32465493522877253
702  ,0.96116835,0.12123285699731082,0.9358624219894409 ,0.3102384061922673
703  ,0.9608271 ,0.12493115132281148,0.9350436925888062 ,0.31295459624786565
704  ,0.95891625,0.12714286389867008,0.938591718673706  ,0.3044239614793307
705  ,0.9602812 ,0.1223373271121691 ,0.9304039478302002 ,0.3491835113956418
706  ,0.96355695,0.11570091786900698,0.938591718673706  ,0.30143574556929575
707  ,0.9612366 ,0.12122142714058215,0.9410480260848999 ,0.31806881250772934
708  ,0.96205556,0.1143034077346394 ,0.936408281326294  ,0.3264635686791099
709  ,0.9598717 ,0.12647693907532   ,0.9353166222572327 ,0.3272862297739004
710  ,0.9625333 ,0.11947031186736339,0.9339519739151001 ,0.32223358724315093
711  ,0.9613731 ,0.12098022314720427,0.9304039478302002 ,0.34240691119796846
712  ,0.9617143 ,0.12328479438104914,0.9233078360557556 ,0.3532625642405847
713  ,0.9606224 ,0.12362500421343375,0.9366812109947205 ,0.3269800357032551
714  ,0.96232855,0.12069857281291475,0.936954140663147  ,0.3091251319477652
715  ,0.9609636 ,0.1177758106949516 ,0.9325873255729675 ,0.3417314650677958
716  ,0.9589845 ,0.11764782176081706,0.938045859336853  ,0.3215452826472089
717  ,0.9612366 ,0.12330199023716963,0.9344978332519531 ,0.3195146905608052
718  ,0.9612366 ,0.12291798821014162,0.9334061145782471 ,0.32487358126838134
719  ,0.9623968 ,0.11947733169147108,0.9388646483421326 ,0.2987594694289578
720  ,0.9640347 ,0.11591918745142912,0.936954140663147  ,0.30847286898236087
721  ,0.96075886,0.12108036527831034,0.938591718673706  ,0.3129148183097681
722  ,0.9600082 ,0.12390083891779362,0.9366812109947205 ,0.3273137971173207
723  ,0.9613731 ,0.12344680804527149,0.9344978332519531 ,0.32571956085846415
724  ,0.9608271 ,0.12082201497596107,0.931768536567688  ,0.34437378578896605
725  ,0.96048594,0.12492583686633216,0.9312227368354797 ,0.3105242176217283
726  ,0.96048594,0.12099045696278396,0.9372270703315735 ,0.32308791346815474
727  ,0.95877975,0.12735988167575674,0.9418668150901794 ,0.2963973678908754
728  ,0.96048594,0.12398496704207974,0.932860255241394  ,0.33506522410626494
729  ,0.96130484,0.12148972280617909,0.9347707629203796 ,0.3254334406691347
730  ,0.9619873 ,0.11812614961174221,0.9347707629203796 ,0.3289800350387544
731  ,0.9616461 ,0.11728399335099415,0.9314956068992615 ,0.32881061212204427
732  ,0.96103185,0.12070949328024115,0.9388646483421326 ,0.2992787267443395
733  ,0.96219206,0.12172842387480923,0.9347707629203796 ,0.3088227026652561
734  ,0.96021295,0.12353048616120134,0.9344978332519531 ,0.3115431489382248
735  ,0.9621238 ,0.12261003494544387,0.9350436925888062 ,0.3012183411412885
736  ,0.9621238 ,0.11601092751454242,0.9388646483421326 ,0.30930663580196915
737  ,0.9625333 ,0.1186875043191422 ,0.942139744758606  ,0.2816015661218281
738  ,0.9611001 ,0.12122471838079035,0.9325873255729675 ,0.3252765310513401
739  ,0.9639664 ,0.1113954758923558 ,0.9342249035835266 ,0.332246237381577
740  ,0.9623968 ,0.1160599751111827 ,0.9375             ,0.3222650400480849
741  ,0.96205556,0.11830901786799904,0.9388646483421326 ,0.3100579614511093
742  ,0.96089536,0.12407399095696069,0.932860255241394  ,0.32759884338191503
743  ,0.9651266 ,0.11537810890650428,0.9347707629203796 ,0.33160552694807927
744  ,0.96075886,0.1215741212838812 ,0.9353166222572327 ,0.33587990418141583
745  ,0.9617143 ,0.11650574723095777,0.9375             ,0.3249375924272829
746  ,0.9606224 ,0.12317371611455874,0.9314956068992615 ,0.3426688924496871
747  ,0.9613731 ,0.11853710078793663,0.942139744758606  ,0.2988194228845392
748  ,0.96260154,0.11927179506612069,0.943231463432312  ,0.28646289192823343
749  ,0.9632157 ,0.11826703333939284,0.936954140663147  ,0.3160106481813447
750  ,0.9673787 ,0.10918772795205758,0.9290392994880676 ,0.3708111449230186
751  ,0.9598717 ,0.12360662112282883,0.936408281326294  ,0.3299428121752093
752  ,0.96144134,0.12046869128529614,0.9383187890052795 ,0.33126672711955407
753  ,0.9640347 ,0.11701037505122815,0.9399563074111938 ,0.30585437954513267
754  ,0.9638982 ,0.11119380095611454,0.9377729296684265 ,0.31699252370988956
755  ,0.9619873 ,0.1192117374628581 ,0.9377729296684265 ,0.33219772469919323
756  ,0.9595987 ,0.12521282564407565,0.9355894923210144 ,0.31199344413509533
757  ,0.96021295,0.12054088495156672,0.936408281326294  ,0.3148376080146523
758  ,0.9651266 ,0.11329403754746004,0.9407750964164734 ,0.33237381482610734
759  ,0.9604177 ,0.12668433577780233,0.9435043931007385 ,0.293801909581022
760  ,0.96116835,0.11614161676067562,0.936954140663147  ,0.3174519043041629
761  ,0.9636252 ,0.11218354016916667,0.9377729296684265 ,0.32509790569153413
762  ,0.96089536,0.11406084930726727,0.938591718673706  ,0.3150437580153151
763  ,0.9640347 ,0.11081112974932159,0.9391375780105591 ,0.342903718710206
764  ,0.9632157 ,0.11702469256064277,0.9344978332519531 ,0.32757329765105353
765  ,0.96355695,0.1163591629320433 ,0.9394105076789856 ,0.3091885332977928
766  ,0.9630792 ,0.10968675867454238,0.9424126744270325 ,0.3086180447084284
767  ,0.9618508 ,0.11975411932600454,0.938045859336853  ,0.30517291066167657
768  ,0.96314746,0.116358455794505  ,0.9342249035835266 ,0.3129873205155264
769  ,0.96246505,0.12155839388924784,0.9396833777427673 ,0.3059436382489954
770  ,0.96382993,0.11548519752386291,0.9358624219894409 ,0.31859042017220407
771  ,0.962738  ,0.11767172945210415,0.938591718673706  ,0.3059879319831794
772  ,0.9651266 ,0.11213941706613592,0.9407750964164734 ,0.3137803464867663
773  ,0.9641029 ,0.11388850600973442,0.9391375780105591 ,0.3221328197185389
774  ,0.9622603 ,0.12220700336295427,0.9383187890052795 ,0.3092344816831067
775  ,0.96382993,0.11056216566634082,0.9396833777427673 ,0.3199048552125302
776  ,0.96246505,0.11783826618162282,0.9388646483421326 ,0.3013650888666576
777  ,0.96458066,0.11101353732785259,0.9372270703315735 ,0.33023637634047254
778  ,0.9646489 ,0.11088666042223616,0.9339519739151001 ,0.31972278758688266
779  ,0.96382993,0.11201180377336344,0.938591718673706  ,0.30627246038361927
780  ,0.9622603 ,0.12152573131932452,0.9284934401512146 ,0.33606294976897116
781  ,0.96328396,0.11338511461618694,0.9415938854217529 ,0.3122414124714756
782  ,0.9642394 ,0.12163256165505855,0.9358624219894409 ,0.3315607262327942
783  ,0.9643759 ,0.10932795844358413,0.9402292370796204 ,0.30810865678511334
784  ,0.9630792 ,0.1136260073786322 ,0.943231463432312  ,0.2916356087967298
785  ,0.9621238 ,0.11782257074521588,0.9394105076789856 ,0.3121926235319746
786  ,0.9605542 ,0.12310634590855704,0.9325873255729675 ,0.3361844913017281
787  ,0.9619873 ,0.11411071413187153,0.9372270703315735 ,0.31832740436344686
788  ,0.9626698 ,0.1140519676070681 ,0.9347707629203796 ,0.33495013012375896
789  ,0.9651948 ,0.11218987662457797,0.9347707629203796 ,0.3315362218425784
790  ,0.9617143 ,0.12329050236170767,0.9391375780105591 ,0.31669334084706535
791  ,0.9641029 ,0.113347394661001  ,0.9415938854217529 ,0.30281726189575864
792  ,0.9617143 ,0.1247323390162781 ,0.936408281326294  ,0.31861998264446006
793  ,0.96444416,0.10884644086705632,0.9358624219894409 ,0.33532660230831546
794  ,0.9640347 ,0.11418869410091266,0.938045859336853  ,0.30583468063299313
795  ,0.9626698 ,0.11301555658886964,0.9402292370796204 ,0.32488222691071866
796  ,0.96232855,0.11612470839740814,0.9344978332519531 ,0.31943915410203183
797  ,0.96191907,0.12643246824073195,0.9405021667480469 ,0.30144814763006683
798  ,0.9646489 ,0.11506438645050727,0.9405021667480469 ,0.3205014471143614
